-- 일반 회원의 아이디는 member에 넘버링
-- 판매자의 아이디는 seller에 넘버링
-- 모든 회원, 판매자의 비밀번호는 1111

-- MEMBER TEST DATA

-- 1~15 메일인증완료
-- 16~20 메일인증미완
-- 회원은 member$$
DELETE FROM MEMBER WHERE M_NO = 01;
DELETE FROM MEMBER WHERE M_NO = 02;
DELETE FROM MEMBER WHERE M_NO = 03;
DELETE FROM MEMBER WHERE M_NO = 04;
DELETE FROM MEMBER WHERE M_NO = 05;
DELETE FROM MEMBER WHERE M_NO = 06;
DELETE FROM MEMBER WHERE M_NO = 07;
DELETE FROM MEMBER WHERE M_NO = 08;

DELETE FROM CLUB WHERE C_NO = 01;
DELETE FROM CLUB WHERE C_NO = 02;
DELETE FROM CLUB WHERE C_NO = 03;
DELETE FROM CLUB WHERE C_NO = 04;
DELETE FROM CLUB WHERE C_NO = 05;
DELETE FROM CLUB WHERE C_NO = 05;
DELETE FROM CLUB WHERE C_NO = 06;

INSERT INTO WISHLIST (W_NO, C_NO, M_NO) VALUES (01, 01, 01);
INSERT INTO WISHLIST (W_NO, C_NO, M_NO) VALUES (02, 02, 01);
INSERT INTO WISHLIST (W_NO, C_NO, M_NO) VALUES (03, 03, 01);
INSERT INTO WISHLIST (W_NO, C_NO, M_NO) VALUES (04, 04, 01);
INSERT INTO WISHLIST (W_NO, C_NO, M_NO) VALUES (05, 05, 02);
INSERT INTO WISHLIST (W_NO, C_NO, M_NO) VALUES (06, 06, 02);
INSERT INTO WISHLIST (W_NO, C_NO, M_NO) VALUES (07, 07, 02);

select * from member;

INSERT INTO MEMBER (M_NO, M_ID, M_PW, M_PHONE, M_NAME, M_BIRTH, M_NICK, M_EMAIL, M_REGDATE, M_AGREEMENT, M_ENJOY) VALUES (01, 'member01', '1111', '010-1111-1101', '윤성민', '1998-01-01', '윤조장', 'member01@baraON.com', sysdate, 1, 'N');
INSERT INTO MEMBER (M_NO, M_ID, M_PW, M_PHONE, M_NAME, M_BIRTH, M_NICK, M_EMAIL, M_REGDATE, M_AGREEMENT, M_ENJOY) VALUES (02, 'member02', '1111', '010-1111-1102', '김성민', '1998-02-01', '김조장', 'member02@baraON.com', sysdate, 1, 'N');
INSERT INTO MEMBER (M_NO, M_ID, M_PW, M_PHONE, M_NAME, M_BIRTH, M_NICK, M_EMAIL, M_REGDATE, M_AGREEMENT) VALUES (03, 'member03', '1111', '010-1111-1103', '정성민', '1998-03-01', '정조장', 'member03@baraON.com', sysdate, 1);
INSERT INTO MEMBER (M_NO, M_ID, M_PW, M_PHONE, M_NAME, M_BIRTH, M_NICK, M_EMAIL, M_REGDATE, M_AGREEMENT) VALUES (04, 'member04', '1111', '010-1111-1104', '박성민', '1998-04-01', '박조장', 'member04@baraON.com', sysdate, 1);
INSERT INTO MEMBER (M_NO, M_ID, M_PW, M_PHONE, M_NAME, M_BIRTH, M_NICK, M_EMAIL, M_REGDATE, M_AGREEMENT) VALUES (05, 'member05', '1111', '010-1111-1105', '윤재혁', '1995-05-01', '혁재윤', 'member05@baraON.com', sysdate, 1);
INSERT INTO MEMBER (M_NO, M_ID, M_PW, M_PHONE, M_NAME, M_BIRTH, M_NICK, M_EMAIL, M_REGDATE, M_AGREEMENT) VALUES (06, 'member06', '1111', '010-1111-1106', '김재혁', '1995-06-01', '혁재김', 'member06@baraON.com', sysdate, 1);
INSERT INTO MEMBER (M_NO, M_ID, M_PW, M_PHONE, M_NAME, M_BIRTH, M_NICK, M_EMAIL, M_REGDATE, M_AGREEMENT) VALUES (07, 'member07', '1111', '010-1111-1107', '정재혁', '1995-07-01', '혁재정', 'member07@baraON.com', sysdate, 1);
INSERT INTO MEMBER (M_NO, M_ID, M_PW, M_PHONE, M_NAME, M_BIRTH, M_NICK, M_EMAIL, M_REGDATE, M_AGREEMENT) VALUES (08, 'member08', '1111', '010-1111-1108', '박재혁', '1995-08-01', '혁재박', 'member08@baraON.com', sysdate, 1);
INSERT INTO MEMBER (M_NO, M_ID, M_PW, M_PHONE, M_NAME, M_BIRTH, M_NICK, M_EMAIL, M_REGDATE, M_AGREEMENT) VALUES (09, 'member09', '1111', '010-1111-1109', '윤예진', '1997-09-01', '진예윤', 'member09@baraON.com', sysdate, 1);
INSERT INTO MEMBER (M_NO, M_ID, M_PW, M_PHONE, M_NAME, M_BIRTH, M_NICK, M_EMAIL, M_REGDATE, M_AGREEMENT) VALUES (10, 'member10', '1111', '010-1111-1110', '김예진', '1997-10-01', '진예김', 'member10@baraON.com', sysdate, 1);
INSERT INTO MEMBER (M_NO, M_ID, M_PW, M_PHONE, M_NAME, M_BIRTH, M_NICK, M_EMAIL, M_REGDATE, M_AGREEMENT) VALUES (11, 'member11', '1111', '010-1111-1111', '정예진', '1997-11-01', '진예정', 'member11@baraON.com', sysdate, 1);
INSERT INTO MEMBER (M_NO, M_ID, M_PW, M_PHONE, M_NAME, M_BIRTH, M_NICK, M_EMAIL, M_REGDATE, M_AGREEMENT) VALUES (12, 'member12', '1111', '010-1111-1112', '박예진', '1997-12-01', '진예박', 'member12@baraON.com', sysdate, 1);
INSERT INTO MEMBER (M_NO, M_ID, M_PW, M_PHONE, M_NAME, M_BIRTH, M_NICK, M_EMAIL, M_REGDATE, M_AGREEMENT) VALUES (13, 'member13', '1111', '010-1111-1113', '윤빛찬', '1992-01-01', '찬빛윤', 'member13@baraON.com', sysdate, 1);
INSERT INTO MEMBER (M_NO, M_ID, M_PW, M_PHONE, M_NAME, M_BIRTH, M_NICK, M_EMAIL, M_REGDATE, M_AGREEMENT) VALUES (14, 'member14', '1111', '010-1111-1114', '김빛찬', '1992-02-01', '찬빛김', 'member14@baraON.com', sysdate, 1);
INSERT INTO MEMBER (M_NO, M_ID, M_PW, M_PHONE, M_NAME, M_BIRTH, M_NICK, M_EMAIL, M_REGDATE, M_AGREEMENT) VALUES (15, 'member15', '1111', '010-1111-1115', '정빛찬', '1992-03-01', '찬빛정', 'member15@baraON.com', sysdate, 1);
INSERT INTO MEMBER (M_NO, M_ID, M_PW, M_PHONE, M_NAME, M_BIRTH, M_NICK, M_EMAIL, M_REGDATE, M_AGREEMENT) VALUES (16, 'member16', '1111', '010-1111-1116', '박빛찬', '1992-04-01', '찬빛박', 'member16@baraON.com', sysdate, 1);
INSERT INTO MEMBER (M_NO, M_ID, M_PW, M_PHONE, M_NAME, M_BIRTH, M_NICK, M_EMAIL, M_REGDATE, M_AGREEMENT) VALUES (17, 'member17', '1111', '010-1111-1117', '윤재성', '1992-03-01', '성재윤', 'member17@baraON.com', sysdate, 1);
INSERT INTO MEMBER (M_NO, M_ID, M_PW, M_PHONE, M_NAME, M_BIRTH, M_NICK, M_EMAIL, M_REGDATE, M_AGREEMENT) VALUES (18, 'member18', '1111', '010-1111-1118', '김재성', '1992-04-01', '성재김', 'member18@baraON.com', sysdate, 1);
INSERT INTO MEMBER (M_NO, M_ID, M_PW, M_PHONE, M_NAME, M_BIRTH, M_NICK, M_EMAIL, M_REGDATE, M_AGREEMENT) VALUES (19, 'member19', '1111', '010-1111-1119', '정재성', '1992-05-01', '성재정', 'member19@baraON.com', sysdate, 1);
INSERT INTO MEMBER (M_NO, M_ID, M_PW, M_PHONE, M_NAME, M_BIRTH, M_NICK, M_EMAIL, M_REGDATE, M_AGREEMENT) VALUES (20, 'member20', '1111', '010-1111-1120', '박재성', '1992-06-10', '성재박', 'member20@baraON.com', sysdate, 1);


-- CLUB TEST DATA

-- 1~10 단기, 11~20 장기
-- 1~5 미삭제, 6~10 삭제
select * from club;
-- 11~15 미삭제, 16~20 삭제
INSERT INTO CLUB (C_NO, M_NO, C_TITLE, C_DESC, C_CONTENT, C_POSTDATE, C_STARTDATE, C_ENDDATE, C_MIN, C_MAX, C_MAINIMG, C_IMG1, C_IMG2, C_IMG3, C_DELETE, C_PART) VALUES (01, 01, 'C_TITLE 01', 'C_DESC', 'C_CONTENT 01', sysdate, sysdate, sysdate, 01, 01, 'C_MAINIMG 01', 'C_IMG 101', 'C_IMG 201', 'C_IMG 301', 0, 0);
INSERT INTO CLUB (C_NO, M_NO, C_TITLE, C_CONTENT, C_POSTDATE, C_STARTDATE, C_ENDDATE, C_MIN, C_MAX, C_COUNT, C_MAINIMG, C_IMG1, C_IMG2, C_IMG3, C_DELETE, C_PART) VALUES (02, 01, 'C_TITLE 02', 'C_CONTENT 02', sysdate, sysdate, sysdate, 01, 01, 01, 'C_MAINIMG 02', 'C_IMG 102', 'C_IMG 202', 'C_IMG 302', 0, 0);
INSERT INTO CLUB (C_NO, M_NO, C_TITLE, C_CONTENT, C_POSTDATE, C_STARTDATE, C_ENDDATE, C_MIN, C_MAX, C_COUNT, C_MAINIMG, C_IMG1, C_IMG2, C_IMG3, C_DELETE, C_PART) VALUES (03, 01, 'C_TITLE 03', 'C_CONTENT 03', sysdate, sysdate, sysdate, 01, 01, 01, 'C_MAINIMG03', 'C_IMG 103', 'C_IMG 203', 'C_IMG 303', 0, 0);
INSERT INTO CLUB (C_NO, M_NO, C_TITLE, C_CONTENT, C_POSTDATE, C_STARTDATE, C_ENDDATE, C_MIN, C_MAX, C_COUNT, C_MAINIMG, C_IMG1, C_IMG2, C_IMG3, C_DELETE, C_PART) VALUES (04, 01, 'C_TITLE 04', 'C_CONTENT 04', sysdate, sysdate, sysdate, 01, 01, 01, 'C_MAINIMG04', 'C_IMG 104', 'C_IMG 204', 'C_IMG 304', 0, 0);
INSERT INTO CLUB (C_NO, M_NO, C_TITLE, C_CONTENT, C_POSTDATE, C_STARTDATE, C_ENDDATE, C_MIN, C_MAX, C_COUNT, C_MAINIMG, C_IMG1, C_IMG2, C_IMG3, C_DELETE, C_PART) VALUES (05, 01, 'C_TITLE 05', 'C_CONTENT 05', sysdate, sysdate, sysdate, 01, 01, 01, 'C_MAINIMG 05', 'C_IMG 105', 'C_IMG 205', 'C_IMG 305', 0, 0);
INSERT INTO CLUB (C_NO, M_NO, C_TITLE, C_CONTENT, C_POSTDATE, C_STARTDATE, C_ENDDATE, C_MIN, C_MAX, C_COUNT, C_MAINIMG, C_IMG1, C_IMG2, C_IMG3, C_DELETE, C_PART) VALUES (06, 01, 'C_TITLE 06', 'C_CONTENT 06', sysdate, sysdate, sysdate, 01, 01, 01, 'C_MAINIMG 06', 'C_IMG 106', 'C_IMG 206', 'C_IMG 306', 0, 0);
INSERT INTO CLUB (C_NO, M_NO, C_TITLE, C_CONTENT, C_POSTDATE, C_STARTDATE, C_ENDDATE, C_MIN, C_MAX, C_COUNT, C_MAINIMG, C_IMG1, C_IMG2, C_IMG3, C_DELETE, C_PART) VALUES (07, 01, 'C_TITLE 07', 'C_CONTENT 07', sysdate, sysdate, sysdate, 01, 01, 01, 'C_MAINIMG 07', 'C_IMG 107', 'C_IMG 207', 'C_IMG 307', 0, 0);
INSERT INTO CLUB (C_NO, M_NO, C_TITLE, C_CONTENT, C_POSTDATE, C_STARTDATE, C_ENDDATE, C_MIN, C_MAX, C_COUNT, C_MAINIMG, C_IMG1, C_IMG2, C_IMG3, C_DELETE, C_PART) VALUES (08, 01, 'C_TITLE 08', 'C_CONTENT 08', sysdate, sysdate, sysdate, 01, 01, 01, 'C_MAINIMG 08', 'C_IMG 108', 'C_IMG 208', 'C_IMG 308', 0, 0);
INSERT INTO CLUB (C_NO, M_NO, C_TITLE, C_CONTENT, C_POSTDATE, C_STARTDATE, C_ENDDATE, C_MIN, C_MAX, C_COUNT, C_MAINIMG, C_IMG1, C_IMG2, C_IMG3, C_DELETE, C_PART) VALUES (09, 01, 'C_TITLE 09', 'C_CONTENT 09', sysdate, sysdate, sysdate, 01, 01, 01, 'C_MAINIMG 09', 'C_IMG 109', 'C_IMG 209', 'C_IMG 309', 0, 0);
INSERT INTO CLUB (C_NO, M_NO, C_TITLE, C_CONTENT, C_POSTDATE, C_STARTDATE, C_ENDDATE, C_MIN, C_MAX, C_COUNT, C_MAINIMG, C_IMG1, C_IMG2, C_IMG3, C_DELETE, C_PART) VALUES (10, 01, 'C_TITLE 10', 'C_CONTENT 10', sysdate, sysdate, sysdate, 01, 01, 01, 'C_MAINIMG 10', 'C_IMG 110', 'C_IMG 210', 'C_IMG 310', 0, 0);
INSERT INTO CLUB (C_NO, M_NO, C_TITLE, C_CONTENT, C_POSTDATE, C_STARTDATE, C_ENDDATE, C_MIN, C_MAX, C_COUNT, C_MAINIMG, C_IMG1, C_IMG2, C_IMG3, C_DELETE, C_PART) VALUES (11, 01, 'C_TITLE 11', 'C_CONTENT 11', sysdate, sysdate, sysdate, 01, 01, 01, 'C_MAINIMG 11', 'C_IMG 111', 'C_IMG 211', 'C_IMG 311', 0, 0);


-- PLACECATEGORY TEST DATA
INSERT INTO PLACECATEGORY (PC_NO, PC_NAME) VALUES (01, '공유키친');
INSERT INTO PLACECATEGORY (PC_NO, PC_NAME) VALUES (02, '촬영스튜디오');
INSERT INTO PLACECATEGORY (PC_NO, PC_NAME) VALUES (03, '낚시터');
INSERT INTO PLACECATEGORY (PC_NO, PC_NAME) VALUES (04, '스터디룸');
INSERT INTO PLACECATEGORY (PC_NO, PC_NAME) VALUES (05, '연습실');
INSERT INTO PLACECATEGORY (PC_NO, PC_NAME) VALUES (06, '파티룸');
INSERT INTO PLACECATEGORY (PC_NO, PC_NAME) VALUES (07, '브라이덜샤워');
INSERT INTO PLACECATEGORY (PC_NO, PC_NAME) VALUES (08, '회의실');
INSERT INTO PLACECATEGORY (PC_NO, PC_NAME) VALUES (09, '세미나실');
INSERT INTO PLACECATEGORY (PC_NO, PC_NAME) VALUES (10, '카페');
INSERT INTO PLACECATEGORY (PC_NO, PC_NAME) VALUES (11, '수상레저');
INSERT INTO PLACECATEGORY (PC_NO, PC_NAME) VALUES (12, '실내체육관');
INSERT INTO PLACECATEGORY (PC_NO, PC_NAME) VALUES (13, '다목적홀');
INSERT INTO PLACECATEGORY (PC_NO, PC_NAME) VALUES (14, '공연장');
INSERT INTO PLACECATEGORY (PC_NO, PC_NAME) VALUES (15, '코워킹스페이스');
INSERT INTO PLACECATEGORY (PC_NO, PC_NAME) VALUES (16, '작업실');
INSERT INTO PLACECATEGORY (PC_NO, PC_NAME) VALUES (17, '한옥');
INSERT INTO PLACECATEGORY (PC_NO, PC_NAME) VALUES (18, '맛집');
INSERT INTO PLACECATEGORY (PC_NO, PC_NAME) VALUES (19, '야외시설');
INSERT INTO PLACECATEGORY (PC_NO, PC_NAME) VALUES (20, '할인');

-- SELLER TEST DATA

-- 1~15는 인증완료
-- 16~20은 인증미완
-- 모든 seller 약관에는 동의한 걸로
INSERT INTO SELLER (S_NO, S_ID, S_PW, S_PHONE, S_NAME, S_BIRTH, S_EMAIL, S_REGDATE, S_AGREEMENT, S_COMPANYNO) VALUES (01, 'seller01', '1111', '010-2222-2201', '판매자1', '2002-01-01', 'seller01@baraON.com', sysdate, 1, '123-5648-56401');
INSERT INTO SELLER (S_NO, S_ID, S_PW, S_PHONE, S_NAME, S_BIRTH, S_EMAIL, S_REGDATE, S_AGREEMENT, S_COMPANYNO) VALUES (02, 'seller02', '1111', '010-2222-2202', '판매자2', '2002-01-02', 'seller02@baraON.com', sysdate, 1, '123-5648-56402');
INSERT INTO SELLER (S_NO, S_ID, S_PW, S_PHONE, S_NAME, S_BIRTH, S_EMAIL, S_REGDATE, S_AGREEMENT, S_COMPANYNO) VALUES (03, 'seller03', '1111', '010-2222-2203', '판매자3', '2002-01-03', 'seller03@baraON.com', sysdate, 1, '123-5648-56403');
INSERT INTO SELLER (S_NO, S_ID, S_PW, S_PHONE, S_NAME, S_BIRTH, S_EMAIL, S_REGDATE, S_AGREEMENT, S_COMPANYNO) VALUES (04, 'seller04', '1111', '010-2222-2204', '판매자4', '2002-01-04', 'seller04@baraON.com', sysdate, 1, '123-5648-56404');
INSERT INTO SELLER (S_NO, S_ID, S_PW, S_PHONE, S_NAME, S_BIRTH, S_EMAIL, S_REGDATE, S_AGREEMENT, S_COMPANYNO) VALUES (05, 'seller05', '1111', '010-2222-2205', '판매자5', '2002-01-05', 'seller05@baraON.com', sysdate, 1, '123-5648-56405');
INSERT INTO SELLER (S_NO, S_ID, S_PW, S_PHONE, S_NAME, S_BIRTH, S_EMAIL, S_REGDATE, S_AGREEMENT, S_COMPANYNO) VALUES (06, 'seller06', '1111', '010-2222-2206', '판매자6', '2002-01-06', 'seller06@baraON.com', sysdate, 1, '123-5648-56406');
INSERT INTO SELLER (S_NO, S_ID, S_PW, S_PHONE, S_NAME, S_BIRTH, S_EMAIL, S_REGDATE, S_AGREEMENT, S_COMPANYNO) VALUES (07, 'seller07', '1111', '010-2222-2207', '판매자7', '2002-01-07', 'seller07@baraON.com', sysdate, 1, '123-5648-56407');
INSERT INTO SELLER (S_NO, S_ID, S_PW, S_PHONE, S_NAME, S_BIRTH, S_EMAIL, S_REGDATE, S_AGREEMENT, S_COMPANYNO) VALUES (08, 'seller08', '1111', '010-2222-2208', '판매자8', '2002-01-08', 'seller08@baraON.com', sysdate, 1, '123-5648-56408');
INSERT INTO SELLER (S_NO, S_ID, S_PW, S_PHONE, S_NAME, S_BIRTH, S_EMAIL, S_REGDATE, S_AGREEMENT, S_COMPANYNO) VALUES (09, 'seller09', '1111', '010-2222-2209', '판매자9', '2002-01-09', 'seller09@baraON.com', sysdate, 1, '123-5648-56409');
INSERT INTO SELLER (S_NO, S_ID, S_PW, S_PHONE, S_NAME, S_BIRTH, S_EMAIL, S_REGDATE, S_AGREEMENT, S_COMPANYNO) VALUES (10, 'seller10', '1111', '010-2222-2210', '판매자10', '2002-01-10', 'seller10@baraON.com', sysdate, 1, '123-5648-56410');
INSERT INTO SELLER (S_NO, S_ID, S_PW, S_PHONE, S_NAME, S_BIRTH, S_EMAIL, S_REGDATE, S_AGREEMENT, S_COMPANYNO) VALUES (11, 'seller11', '1111', '010-2222-2211', '판매자11', '2002-01-11', 'seller11@baraON.com', sysdate, 1, '123-5648-56411');
INSERT INTO SELLER (S_NO, S_ID, S_PW, S_PHONE, S_NAME, S_BIRTH, S_EMAIL, S_REGDATE, S_AGREEMENT, S_COMPANYNO) VALUES (12, 'seller12', '1111', '010-2222-2212', '판매자12', '2002-01-12', 'seller12@baraON.com', sysdate, 1, '123-5648-56412');
INSERT INTO SELLER (S_NO, S_ID, S_PW, S_PHONE, S_NAME, S_BIRTH, S_EMAIL, S_REGDATE, S_AGREEMENT, S_COMPANYNO) VALUES (13, 'seller13', '1111', '010-2222-2213', '판매자13', '2002-01-13', 'seller13@baraON.com', sysdate, 1, '123-5648-56413');
INSERT INTO SELLER (S_NO, S_ID, S_PW, S_PHONE, S_NAME, S_BIRTH, S_EMAIL, S_REGDATE, S_AGREEMENT, S_COMPANYNO) VALUES (14, 'seller14', '1111', '010-2222-2214', '판매자14', '2002-01-14', 'seller14@baraON.com', sysdate, 1, '123-5648-56414');
INSERT INTO SELLER (S_NO, S_ID, S_PW, S_PHONE, S_NAME, S_BIRTH, S_EMAIL, S_REGDATE, S_AGREEMENT, S_COMPANYNO) VALUES (15, 'seller15', '1111', '010-2222-2215', '판매자15', '2002-01-15', 'seller15@baraON.com', sysdate, 1, '123-5648-56415');
INSERT INTO SELLER (S_NO, S_ID, S_PW, S_PHONE, S_NAME, S_BIRTH, S_EMAIL, S_REGDATE, S_AGREEMENT, S_COMPANYNO) VALUES (16, 'seller16', '1111', '010-2222-2216', '판매자16', '2002-01-16', 'seller16@baraON.com', sysdate, 1, '123-5648-56416');
INSERT INTO SELLER (S_NO, S_ID, S_PW, S_PHONE, S_NAME, S_BIRTH, S_EMAIL, S_REGDATE, S_AGREEMENT, S_COMPANYNO) VALUES (17, 'seller17', '1111', '010-2222-2217', '판매자17', '2002-01-17', 'seller17@baraON.com', sysdate, 1, '123-5648-56417');
INSERT INTO SELLER (S_NO, S_ID, S_PW, S_PHONE, S_NAME, S_BIRTH, S_EMAIL, S_REGDATE, S_AGREEMENT, S_COMPANYNO) VALUES (18, 'seller18', '1111', '010-2222-2218', '판매자18', '2002-01-18', 'seller18@baraON.com', sysdate, 1, '123-5648-56418');
INSERT INTO SELLER (S_NO, S_ID, S_PW, S_PHONE, S_NAME, S_BIRTH, S_EMAIL, S_REGDATE, S_AGREEMENT, S_COMPANYNO) VALUES (19, 'seller19', '1111', '010-2222-2219', '판매자19', '2002-01-19', 'seller19@baraON.com', sysdate, 1, '123-5648-56419');
INSERT INTO SELLER (S_NO, S_ID, S_PW, S_PHONE, S_NAME, S_BIRTH, S_EMAIL, S_REGDATE, S_AGREEMENT, S_COMPANYNO) VALUES (20, 'seller20', '1111', '010-2222-2220', '판매자20', '2002-01-20', 'seller20@baraON.com', sysdate, 1, '123-5648-56420');

-- PLACE TEST DATA

-- place승인은 1~10, 16~20
-- 미승인은 11~15
-- 삭제된 place 데이터는 16~20
-- 여긴 천천히해야할듯..
INSERT INTO PLACE (P_NO, S_NO, PC_NO, P_TITLE, P_DESC, P_CONTENT, P_INFO, P_NAME, P_ADDR, P_BNAME, P_ADDRDETAIL, P_IMG, P_CONFIRM, P_URL, P_REMARK, P_DELETE)  VALUES (01, 01, 01, '[공유키친] 맛있는 공간 음공 스튜디오&키친', '완벽한 조리시설, 몸만오면 바로 조리 가능', 'P_CONTENT 01', 'P_INFO 01', '음공 스튜디오&키친', '서울 마포구 동교로50길 11','연남동', NULL, 1, 'P_IMG01.jpg', 1, NULL, '["주의사항1, "주의사항2", "주의사항3"]', 0);
INSERT INTO PLACE (P_NO, S_NO, PC_NO, P_TITLE, P_DESC, P_CONTENT, P_INFO, P_NAME, P_ADDR, P_BNAME, P_ADDRDETAIL, P_IMG, P_CONFIRM, P_URL, P_REMARK, P_DELETE)  VALUES (01, 01, 01, '역삼 아그레 라운지(홀 단독사용)', '촬영/기업 워크샵/행사/회의/모임을 위한 복합공간', '# 대관 가능 시간
월/화/수/목/금: 오전 7시~오후 10시
토: 오전 7시~ 오후1시
일: 오전 7시~ 오후1시

역삼역 도보 2분거리에 위치한 "아그레 라운지"입니다.
독서모임을 위해 만들어진 라운지는 대화하기 좋은 공간입니다.
최근엔 온라인 세미나, 촬영으로도 많이 찾아주세요.
남다른 분위기를 느끼고 싶으시다면 방문해보세요.

[권장인원]
1) 강연/북콘서트/세미나 : 의자만 놓는 대형으로 5-60명 권장
2) 조별워크샵/팀회의 : 테이블 함께 놓을시 10-35명 권장

딱딱한 세미나실 책상이 아닌 따뜻한 느낌의 원목테이블입니다.
구체적인 내용은 아래 홈페이지 확인 부탁드립니다.

[문의/홈페이지]
https://agreablebook.com/reservation
support@agreablebook.com
카카오톡: 아그레아블독서모임', 'P_INFO 01', '아그레 라운지', '서울특별시 강남구 역삼동 테헤란로27길 23','역삼동', NULL, 1, 'P_IMG02.jpg', 1, NULL, '["주의사항1, "주의사항2", "주의사항3, "주의사항4"]', 0);
INSERT INTO PLACE (P_NO, S_NO, PC_NO, P_TITLE, P_DESC, P_CONTENT, P_INFO, P_NAME, P_ADDR, P_STAR, P_IMG, P_CONFIRM, P_URL, P_REMARK, P_DELETE) VALUES (02, 02, 02, 'P_TITLE 02', 'P_DESC 02', 'P_CONTENT 02', 'P_INFO 02', 'P_NAME 02', 'P_ADDR 02', 3, 'P_IMG02.jpg', 1, 'P_URL 02', 'P_REMARK 02', 0);
INSERT INTO PLACE (P_NO, S_NO, PC_NO, P_TITLE, P_DESC, P_CONTENT, P_INFO, P_NAME, P_ADDR, P_STAR, P_IMG, P_CONFIRM, P_URL, P_REMARK, P_DELETE) VALUES (03, 03, 03, 'P_TITLE 03', 'P_DESC 03', 'P_CONTENT 03', 'P_INFO 03', 'P_NAME 03', 'P_ADDR 03', 2, 'P_IMG03.jpg', 1, 'P_URL 03', 'P_REMARK 03', 0);
INSERT INTO PLACE (P_NO, S_NO, PC_NO, P_TITLE, P_DESC, P_CONTENT, P_INFO, P_NAME, P_ADDR, P_STAR, P_IMG, P_CONFIRM, P_URL, P_REMARK, P_DELETE) VALUES (04, 04, 04, 'P_TITLE 04', 'P_DESC 04', 'P_CONTENT 04', 'P_INFO 04', 'P_NAME 04', 'P_ADDR 04', 1, 'P_IMG04.jpg', 1, 'P_URL 04', 'P_REMARK 04', 0);
INSERT INTO PLACE (P_NO, S_NO, PC_NO, P_TITLE, P_DESC, P_CONTENT, P_INFO, P_NAME, P_ADDR, P_STAR, P_IMG, P_CONFIRM, P_URL, P_REMARK, P_DELETE) VALUES (05, 05, 05, 'P_TITLE 05', 'P_DESC 05', 'P_CONTENT 05', 'P_INFO 05', 'P_NAME 05', 'P_ADDR 05', 3, 'P_IMG05.jpg', 1, 'P_URL 05', 'P_REMARK 05', 0);
INSERT INTO PLACE (P_NO, S_NO, PC_NO, P_TITLE, P_DESC, P_CONTENT, P_INFO, P_NAME, P_ADDR, P_STAR, P_IMG, P_CONFIRM, P_URL, P_REMARK, P_DELETE) VALUES (06, 06, 06, 'P_TITLE 06', 'P_DESC 06', 'P_CONTENT 06', 'P_INFO 06', 'P_NAME 06', 'P_ADDR 06', 4, 'P_IMG06.jpg', 1, 'P_URL 06', 'P_REMARK 06', 0);
INSERT INTO PLACE (P_NO, S_NO, PC_NO, P_TITLE, P_DESC, P_CONTENT, P_INFO, P_NAME, P_ADDR, P_STAR, P_IMG, P_CONFIRM, P_URL, P_REMARK, P_DELETE) VALUES (07, 07, 07, 'P_TITLE 07', 'P_DESC 07', 'P_CONTENT 07', 'P_INFO 07', 'P_NAME 07', 'P_ADDR 07', 5, 'P_IMG07.jpg', 1, 'P_URL 07', 'P_REMARK 07', 0);
INSERT INTO PLACE (P_NO, S_NO, PC_NO, P_TITLE, P_DESC, P_CONTENT, P_INFO, P_NAME, P_ADDR, P_STAR, P_IMG, P_CONFIRM, P_URL, P_REMARK, P_DELETE) VALUES (08, 08, 08, 'P_TITLE 08', 'P_DESC 08', 'P_CONTENT 08', 'P_INFO 08', 'P_NAME 08', 'P_ADDR 08', 2, 'P_IMG08.jpg', 1, 'P_URL 08', 'P_REMARK 08', 0);
INSERT INTO PLACE (P_NO, S_NO, PC_NO, P_TITLE, P_DESC, P_CONTENT, P_INFO, P_NAME, P_ADDR, P_STAR, P_IMG, P_CONFIRM, P_URL, P_REMARK, P_DELETE) VALUES (09, 09, 09, 'P_TITLE 09', 'P_DESC 09', 'P_CONTENT 09', 'P_INFO 09', 'P_NAME 09', 'P_ADDR 09', 5, 'P_IMG09.jpg', 1, 'P_URL 09', 'P_REMARK 09', 0);
INSERT INTO PLACE (P_NO, S_NO, PC_NO, P_TITLE, P_DESC, P_CONTENT, P_INFO, P_NAME, P_ADDR, P_STAR, P_IMG, P_CONFIRM, P_URL, P_REMARK, P_DELETE) VALUES (10, 10, 10, 'P_TITLE 10', 'P_DESC 10', 'P_CONTENT 10', 'P_INFO 10', 'P_NAME 10', 'P_ADDR 10', 3, 'P_IMG10.jpg', 1, 'P_URL 10', 'P_REMARK 10', 0);
INSERT INTO PLACE (P_NO, S_NO, PC_NO, P_TITLE, P_DESC, P_CONTENT, P_INFO, P_NAME, P_ADDR, P_STAR, P_IMG, P_CONFIRM, P_URL, P_REMARK, P_DELETE) VALUES (11, 11, 11, 'P_TITLE 11', 'P_DESC 11', 'P_CONTENT 11', 'P_INFO 11', 'P_NAME 11', 'P_ADDR 11', 2, 'P_IMG11.jpg', 0, 'P_URL 11', 'P_REMARK 11', 0);
INSERT INTO PLACE (P_NO, S_NO, PC_NO, P_TITLE, P_DESC, P_CONTENT, P_INFO, P_NAME, P_ADDR, P_STAR, P_IMG, P_CONFIRM, P_URL, P_REMARK, P_DELETE) VALUES (12, 12, 12, 'P_TITLE 12', 'P_DESC 12', 'P_CONTENT 12', 'P_INFO 12', 'P_NAME 12', 'P_ADDR 12', 3, 'P_IMG12.jpg', 0, 'P_URL 12', 'P_REMARK 12', 0);
INSERT INTO PLACE (P_NO, S_NO, PC_NO, P_TITLE, P_DESC, P_CONTENT, P_INFO, P_NAME, P_ADDR, P_STAR, P_IMG, P_CONFIRM, P_URL, P_REMARK, P_DELETE) VALUES (13, 13, 13, 'P_TITLE 13', 'P_DESC 13', 'P_CONTENT 13', 'P_INFO 13', 'P_NAME 13', 'P_ADDR 13', 3, 'P_IMG13.jpg', 0, 'P_URL 13', 'P_REMARK 13', 0);
INSERT INTO PLACE (P_NO, S_NO, PC_NO, P_TITLE, P_DESC, P_CONTENT, P_INFO, P_NAME, P_ADDR, P_STAR, P_IMG, P_CONFIRM, P_URL, P_REMARK, P_DELETE) VALUES (14, 14, 14, 'P_TITLE 14', 'P_DESC 14', 'P_CONTENT 14', 'P_INFO 14', 'P_NAME 14', 'P_ADDR 14', 5, 'P_IMG14.jpg', 0, 'P_URL 14', 'P_REMARK 14', 0);
INSERT INTO PLACE (P_NO, S_NO, PC_NO, P_TITLE, P_DESC, P_CONTENT, P_INFO, P_NAME, P_ADDR, P_STAR, P_IMG, P_CONFIRM, P_URL, P_REMARK, P_DELETE) VALUES (15, 15, 15, 'P_TITLE 15', 'P_DESC 15', 'P_CONTENT 15', 'P_INFO 15', 'P_NAME 15', 'P_ADDR 15', 5, 'P_IMG15.jpg', 0, 'P_URL 15', 'P_REMARK 15', 0);
INSERT INTO PLACE (P_NO, S_NO, PC_NO, P_TITLE, P_DESC, P_CONTENT, P_INFO, P_NAME, P_ADDR, P_STAR, P_IMG, P_CONFIRM, P_URL, P_REMARK, P_DELETE) VALUES (16, 16, 16, 'P_TITLE 16', 'P_DESC 16', 'P_CONTENT 16', 'P_INFO 16', 'P_NAME 16', 'P_ADDR 16', 4, 'P_IMG16.jpg', 1, 'P_URL 16', 'P_REMARK 16', 1);
INSERT INTO PLACE (P_NO, S_NO, PC_NO, P_TITLE, P_DESC, P_CONTENT, P_INFO, P_NAME, P_ADDR, P_STAR, P_IMG, P_CONFIRM, P_URL, P_REMARK, P_DELETE) VALUES (17, 17, 17, 'P_TITLE 17', 'P_DESC 17', 'P_CONTENT 17', 'P_INFO 17', 'P_NAME 17', 'P_ADDR 17', 4, 'P_IMG17.jpg', 1, 'P_URL 17', 'P_REMARK 17', 1);
INSERT INTO PLACE (P_NO, S_NO, PC_NO, P_TITLE, P_DESC, P_CONTENT, P_INFO, P_NAME, P_ADDR, P_STAR, P_IMG, P_CONFIRM, P_URL, P_REMARK, P_DELETE) VALUES (18, 18, 18, 'P_TITLE 18', 'P_DESC 18', 'P_CONTENT 18', 'P_INFO 18', 'P_NAME 18', 'P_ADDR 18', 4, 'P_IMG18.jpg', 1, 'P_URL 18', 'P_REMARK 18', 1);
INSERT INTO PLACE (P_NO, S_NO, PC_NO, P_TITLE, P_DESC, P_CONTENT, P_INFO, P_NAME, P_ADDR, P_STAR, P_IMG, P_CONFIRM, P_URL, P_REMARK, P_DELETE) VALUES (19, 19, 19, 'P_TITLE 19', 'P_DESC 19', 'P_CONTENT 19', 'P_INFO 19', 'P_NAME 19', 'P_ADDR 19', 4, 'P_IMG19.jpg', 1, 'P_URL 19', 'P_REMARK 19', 1);
INSERT INTO PLACE (P_NO, S_NO, PC_NO, P_TITLE, P_DESC, P_CONTENT, P_INFO, P_NAME, P_ADDR, P_STAR, P_IMG, P_CONFIRM, P_URL, P_REMARK, P_DELETE) VALUES (20, 20, 20, 'P_TITLE 20', 'P_DESC 20', 'P_CONTENT 20', 'P_INFO 20', 'P_NAME 20', 'P_ADDR 20', 5, 'P_IMG20.jpg', 1, 'P_URL 20', 'P_REMARK 20', 1);

UPDATE PLACE SET P_ADDR = '서울특별시 마포구 연남동 동교로50길 11' WHERE P_NO=1;
UPDATE PLACE SET P_ADDR = '서울특별시 강남구 역삼동 테헤란로27길 23' WHERE P_NO=2;
UPDATE PLACE SET P_ADDR = '서울특별시 마포구 성산동 114-15' WHERE P_NO=3;
UPDATE PLACE SET P_ADDR = '서울특별시 영등포구 여의도동 53-2' WHERE P_NO=4;
UPDATE PLACE SET P_ADDR = '서울특별시 마포구 205-4 망원한강공원 내 테니스장' WHERE P_NO=5;
UPDATE PLACE SET P_ADDR = '서울특별시 동작구 신대방동 395' WHERE P_NO=6;
UPDATE PLACE SET P_ADDR = '서울특별시 동작구 상도1동 매봉로 23' WHERE P_NO=7;
UPDATE PLACE SET P_ADDR = '경기도 성남시 분당구 정자2동 117-1' WHERE P_NO=8;
UPDATE PLACE SET P_ADDR = '서울특별시 강남구 테헤란로 322 한신인터밸리24' WHERE P_NO=9;
UPDATE PLACE SET P_ADDR = '서울특별시 강남구 청담동 압구정로79길 20' WHERE P_NO=10;
UPDATE PLACE SET P_ADDR = '서울특별시 강남구 압구정로 113-22 미성상가 2층' WHERE P_NO=11;
UPDATE PLACE SET P_ADDR = '서울특별시 동작구 사당1동 동작대로3길 10' WHERE P_NO=12;
UPDATE PLACE SET P_ADDR = '서울특별시 영등포구 당산동6가 당산로 241 유니언타워' WHERE P_NO=13;
UPDATE PLACE SET P_ADDR = '서울특별시 강남구 역삼동 강남대로94길 10 케이스퀘어' WHERE P_NO=14;
UPDATE PLACE SET P_ADDR = '서울특별시 강남구 서울특별시 강남구 테헤란로108길 25 대동빌딩 5층' WHERE P_NO=15;


-- PLACEOPTION TEST DATA
INSERT INTO PLACEOPTION (PO_NO, P_NO, PO_NAME, PO_MIN, PO_MAX, PO_DAYPRICE, PO_HOLIDAY, PO_ADDPRICE, PO_IMG1, PO_IMG2, PO_IMG3, PO_FXILITY) VALUES (01, 01, 'PO_NAME 01', 01, 01, 01, 01, 01, 'PO_IMG101.jpg', 'PO_IMG201.jpg', 'PO_IMG301.jpg', '{ "facility01" : "wifi", "facility02" : "tv"}');
INSERT INTO PLACEOPTION (PO_NO, P_NO, PO_NAME, PO_MIN, PO_MAX, PO_DAYPRICE, PO_HOLIDAY, PO_ADDPRICE, PO_IMG1, PO_IMG2, PO_IMG3, PO_FXILITY) VALUES (02, 01, 'PO_NAME 02', 02, 02, 02, 02, 02, 'PO_IMG102.jpg', 'PO_IMG202.jpg', 'PO_IMG302.jpg', '{ "facility01" : "wifi", "facility02" : "tv"}');
INSERT INTO PLACEOPTION (PO_NO, P_NO, PO_NAME, PO_MIN, PO_MAX, PO_DAYPRICE, PO_HOLIDAY, PO_ADDPRICE, PO_IMG1, PO_IMG2, PO_IMG3, PO_FXILITY) VALUES (03, 02, 'PO_NAME 03', 03, 03, 03, 03, 03, 'PO_IMG103.jpg', 'PO_IMG203.jpg', 'PO_IMG303.jpg', '{ "facility01" : "wifi", "facility02" : "tv", "faciltiry03" : "내부화장실" }');
INSERT INTO PLACEOPTION (PO_NO, P_NO, PO_NAME, PO_MIN, PO_MAX, PO_DAYPRICE, PO_HOLIDAY, PO_ADDPRICE, PO_IMG1, PO_IMG2, PO_IMG3, PO_FXILITY) VALUES (04, 02, 'PO_NAME 04', 04, 04, 04, 04, 04, 'PO_IMG104.jpg', 'PO_IMG204.jpg', 'PO_IMG304.jpg', '{ "facility01" : "wifi", "facility02" : "tv", "faciltiry03" : "내부화장실" }');
INSERT INTO PLACEOPTION (PO_NO, P_NO, PO_NAME, PO_MIN, PO_MAX, PO_DAYPRICE, PO_HOLIDAY, PO_ADDPRICE, PO_IMG1, PO_IMG2, PO_IMG3, PO_FXILITY) VALUES (05, 02, 'PO_NAME 05', 05, 05, 05, 05, 05, 'PO_IMG105.jpg', 'PO_IMG205.jpg', 'PO_IMG305.jpg', '{ "facility01" : "wifi", "facility02" : "tv", "faciltiry03" : "내부화장실" }');
INSERT INTO PLACEOPTION (PO_NO, P_NO, PO_NAME, PO_MIN, PO_MAX, PO_DAYPRICE, PO_HOLIDAY, PO_ADDPRICE, PO_IMG1, PO_IMG2, PO_IMG3, PO_FXILITY) VALUES (06, 03, 'PO_NAME 06', 06, 06, 06, 06, 06, 'PO_IMG106.jpg', 'PO_IMG206.jpg', 'PO_IMG306.jpg', '{ "facility01" : "wifi", "facility02" : "tv", "faciltiry03" : "내부화장실" }');
INSERT INTO PLACEOPTION (PO_NO, P_NO, PO_NAME, PO_MIN, PO_MAX, PO_DAYPRICE, PO_HOLIDAY, PO_ADDPRICE, PO_IMG1, PO_IMG2, PO_IMG3, PO_FXILITY) VALUES (07, 03, 'PO_NAME 07', 07, 07, 07, 07, 07, 'PO_IMG107.jpg', 'PO_IMG207.jpg', 'PO_IMG307.jpg', '{ "facility01" : "wifi", "facility02" : "tv", "faciltiry03" : "내부화장실" }');
INSERT INTO PLACEOPTION (PO_NO, P_NO, PO_NAME, PO_MIN, PO_MAX, PO_DAYPRICE, PO_HOLIDAY, PO_ADDPRICE, PO_IMG1, PO_IMG2, PO_IMG3, PO_FXILITY) VALUES (08, 04, 'PO_NAME 08', 08, 08, 08, 08, 08, 'PO_IMG108.jpg', 'PO_IMG208.jpg', 'PO_IMG308.jpg', '{ "facility01" : "wifi", "facility02" : "tv", "faciltiry03" : "내부화장실" }');
INSERT INTO PLACEOPTION (PO_NO, P_NO, PO_NAME, PO_MIN, PO_MAX, PO_DAYPRICE, PO_HOLIDAY, PO_ADDPRICE, PO_IMG1, PO_IMG2, PO_IMG3, PO_FXILITY) VALUES (09, 05, 'PO_NAME 09', 09, 09, 09, 09, 09, 'PO_IMG109.jpg', 'PO_IMG209.jpg', 'PO_IMG309.jpg', '{ "facility01" : "wifi", "facility02" : "tv", "faciltiry03" : "내부화장실" }');
INSERT INTO PLACEOPTION (PO_NO, P_NO, PO_NAME, PO_MIN, PO_MAX, PO_DAYPRICE, PO_HOLIDAY, PO_ADDPRICE, PO_IMG1, PO_IMG2, PO_IMG3, PO_FXILITY) VALUES (10, 06, 'PO_NAME 10', 10, 10, 10, 10, 10, 'PO_IMG110.jpg', 'PO_IMG210.jpg', 'PO_IMG310.jpg', '{ "facility01" : "wifi", "facility02" : "tv", "faciltiry03" : "내부화장실" }');
INSERT INTO PLACEOPTION (PO_NO, P_NO, PO_NAME, PO_MIN, PO_MAX, PO_DAYPRICE, PO_HOLIDAY, PO_ADDPRICE, PO_IMG1, PO_IMG2, PO_IMG3, PO_FXILITY) VALUES (11, 07, 'PO_NAME 11', 11, 11, 11, 11, 11, 'PO_IMG111.jpg', 'PO_IMG211.jpg', 'PO_IMG311.jpg', '{ "facility01" : "wifi", "facility02" : "tv", "faciltiry03" : "내부화장실" }');
INSERT INTO PLACEOPTION (PO_NO, P_NO, PO_NAME, PO_MIN, PO_MAX, PO_DAYPRICE, PO_HOLIDAY, PO_ADDPRICE, PO_IMG1, PO_IMG2, PO_IMG3, PO_FXILITY) VALUES (12, 08, 'PO_NAME 12', 12, 12, 12, 12, 12, 'PO_IMG112.jpg', 'PO_IMG212.jpg', 'PO_IMG312.jpg', '{ "facility01" : "wifi", "facility02" : "tv", "faciltiry03" : "내부화장실" }');
INSERT INTO PLACEOPTION (PO_NO, P_NO, PO_NAME, PO_MIN, PO_MAX, PO_DAYPRICE, PO_HOLIDAY, PO_ADDPRICE, PO_IMG1, PO_IMG2, PO_IMG3, PO_FXILITY) VALUES (13, 09, 'PO_NAME 13', 13, 13, 13, 13, 13, 'PO_IMG113.jpg', 'PO_IMG213.jpg', 'PO_IMG313.jpg', '{ "facility01" : "wifi", "facility02" : "tv", "faciltiry03" : "내부화장실" }');
INSERT INTO PLACEOPTION (PO_NO, P_NO, PO_NAME, PO_MIN, PO_MAX, PO_DAYPRICE, PO_HOLIDAY, PO_ADDPRICE, PO_IMG1, PO_IMG2, PO_IMG3, PO_FXILITY) VALUES (14, 10, 'PO_NAME 14', 14, 14, 14, 14, 14, 'PO_IMG114.jpg', 'PO_IMG214.jpg', 'PO_IMG314.jpg', '{ "facility01" : "wifi", "facility02" : "tv", "faciltiry03" : "내부화장실" }');
INSERT INTO PLACEOPTION (PO_NO, P_NO, PO_NAME, PO_MIN, PO_MAX, PO_DAYPRICE, PO_HOLIDAY, PO_ADDPRICE, PO_IMG1, PO_IMG2, PO_IMG3, PO_FXILITY) VALUES (15, 11, 'PO_NAME 15', 15, 15, 15, 15, 15, 'PO_IMG115.jpg', 'PO_IMG215.jpg', 'PO_IMG315.jpg', '{ "facility01" : "wifi", "facility02" : "tv", "faciltiry03" : "내부화장실" }');
INSERT INTO PLACEOPTION (PO_NO, P_NO, PO_NAME, PO_MIN, PO_MAX, PO_DAYPRICE, PO_HOLIDAY, PO_ADDPRICE, PO_IMG1, PO_IMG2, PO_IMG3, PO_FXILITY) VALUES (16, 12, 'PO_NAME 16', 16, 16, 16, 16, 16, 'PO_IMG116.jpg', 'PO_IMG216.jpg', 'PO_IMG316.jpg', '{ "facility01" : "wifi", "facility02" : "tv", "faciltiry03" : "내부화장실" }');
INSERT INTO PLACEOPTION (PO_NO, P_NO, PO_NAME, PO_MIN, PO_MAX, PO_DAYPRICE, PO_HOLIDAY, PO_ADDPRICE, PO_IMG1, PO_IMG2, PO_IMG3, PO_FXILITY) VALUES (17, 13, 'PO_NAME 17', 17, 17, 17, 17, 17, 'PO_IMG117.jpg', 'PO_IMG217.jpg', 'PO_IMG317.jpg', '{ "facility01" : "wifi", "facility02" : "tv", "faciltiry03" : "내부화장실" }');
INSERT INTO PLACEOPTION (PO_NO, P_NO, PO_NAME, PO_MIN, PO_MAX, PO_DAYPRICE, PO_HOLIDAY, PO_ADDPRICE, PO_IMG1, PO_IMG2, PO_IMG3, PO_FXILITY) VALUES (18, 14, 'PO_NAME 18', 18, 18, 18, 18, 18, 'PO_IMG118.jpg', 'PO_IMG218.jpg', 'PO_IMG318.jpg', '{ "facility01" : "wifi", "facility02" : "tv", "faciltiry03" : "내부화장실" }');
INSERT INTO PLACEOPTION (PO_NO, P_NO, PO_NAME, PO_MIN, PO_MAX, PO_DAYPRICE, PO_HOLIDAY, PO_ADDPRICE, PO_IMG1, PO_IMG2, PO_IMG3, PO_FXILITY) VALUES (19, 15, 'PO_NAME 19', 19, 19, 19, 19, 19, 'PO_IMG119.jpg', 'PO_IMG219.jpg', 'PO_IMG319.jpg', '{ "facility01" : "wifi", "facility02" : "tv", "faciltiry03" : "내부화장실" }');
INSERT INTO PLACEOPTION (PO_NO, P_NO, PO_NAME, PO_MIN, PO_MAX, PO_DAYPRICE, PO_HOLIDAY, PO_ADDPRICE, PO_IMG1, PO_IMG2, PO_IMG3, PO_FXILITY) VALUES (20, 16, 'PO_NAME 20', 20, 20, 20, 20, 20, 'PO_IMG120.jpg', 'PO_IMG220.jpg', 'PO_IMG320.jpg', '{ "facility01" : "wifi", "facility02" : "tv", "faciltiry03" : "내부화장실" }');

-- CLUBLIST TEST DATA

-- 일단 되는대로 랜덤값넣긴했는데..
-- 원하시는대로 바꾸고 테스트하셔도 될듯합니다. 다만 CL_NO는 무조건 순서대로 하셔야하는거 잊지마세요!
INSERT INTO CLUBLIST (CL_NO, C_NO, M_NO, C_CARD) VALUES (01, 01, 01, 0);
INSERT INTO CLUBLIST (CL_NO, C_NO, M_NO, C_CARD) VALUES (02, 01, 02, 0);
INSERT INTO CLUBLIST (CL_NO, C_NO, M_NO, C_CARD) VALUES (03, 01, 03, 1);
INSERT INTO CLUBLIST (CL_NO, C_NO, M_NO, C_CARD) VALUES (04, 02, 01, 0);
INSERT INTO CLUBLIST (CL_NO, C_NO, M_NO, C_CARD) VALUES (05, 02, 02, 0);
INSERT INTO CLUBLIST (CL_NO, C_NO, M_NO, C_CARD) VALUES (06, 02, 06, 1);
INSERT INTO CLUBLIST (CL_NO, C_NO, M_NO, C_CARD) VALUES (07, 02, 07, 0);
INSERT INTO CLUBLIST (CL_NO, C_NO, M_NO, C_CARD) VALUES (08, 03, 06, 0);
INSERT INTO CLUBLIST (CL_NO, C_NO, M_NO, C_CARD) VALUES (09, 03, 09, 1);
INSERT INTO CLUBLIST (CL_NO, C_NO, M_NO, C_CARD) VALUES (10, 03, 10, 0);
INSERT INTO CLUBLIST (CL_NO, C_NO, M_NO, C_CARD) VALUES (11, 04, 11, 0);
INSERT INTO CLUBLIST (CL_NO, C_NO, M_NO, C_CARD) VALUES (12, 04, 12, 1);
INSERT INTO CLUBLIST (CL_NO, C_NO, M_NO, C_CARD) VALUES (13, 04, 13, 0);
INSERT INTO CLUBLIST (CL_NO, C_NO, M_NO, C_CARD) VALUES (14, 04, 14, 0);
INSERT INTO CLUBLIST (CL_NO, C_NO, M_NO, C_CARD) VALUES (15, 04, 15, 1);
INSERT INTO CLUBLIST (CL_NO, C_NO, M_NO, C_CARD) VALUES (16, 05, 16, 0);
INSERT INTO CLUBLIST (CL_NO, C_NO, M_NO, C_CARD) VALUES (17, 17, 17, 0);
INSERT INTO CLUBLIST (CL_NO, C_NO, M_NO, C_CARD) VALUES (18, 18, 18, 1);
INSERT INTO CLUBLIST (CL_NO, C_NO, M_NO, C_CARD) VALUES (19, 19, 19, 0);
INSERT INTO CLUBLIST (CL_NO, C_NO, M_NO, C_CARD) VALUES (20, 08, 20, 0);

DELETE FROM CLUBLIST WHERE CL_NO = 1;
DELETE FROM CLUBLIST WHERE CL_NO = 2;
DELETE FROM CLUBLIST WHERE CL_NO = 3;
DELETE FROM CLUBLIST WHERE CL_NO = 4;
DELETE FROM CLUBLIST WHERE CL_NO = 5;
DELETE FROM CLUBLIST WHERE CL_NO = 6;
DELETE FROM CLUBLIST WHERE CL_NO = 7;

-- REPLY TEST DATA
-- 16~20 데이터는 삭제데이터
INSERT INTO REPLY (R_NO, C_NO, M_NO, R_CONTENT, R_DELETE, R_POSTDATE) VALUES (01, 01, 01, 'R_CONTENT 01', 0, sysdate);
INSERT INTO REPLY (R_NO, C_NO, M_NO, R_CONTENT, R_DELETE, R_POSTDATE) VALUES (02, 02, 02, 'R_CONTENT 02', 0, sysdate);
INSERT INTO REPLY (R_NO, C_NO, M_NO, R_CONTENT, R_DELETE, R_POSTDATE) VALUES (03, 03, 03, 'R_CONTENT 03', 0, sysdate);
INSERT INTO REPLY (R_NO, C_NO, M_NO, R_CONTENT, R_DELETE, R_POSTDATE) VALUES (04, 04, 04, 'R_CONTENT 04', 0, sysdate);
INSERT INTO REPLY (R_NO, C_NO, M_NO, R_CONTENT, R_DELETE, R_POSTDATE) VALUES (05, 05, 05, 'R_CONTENT 05', 0, sysdate);
INSERT INTO REPLY (R_NO, C_NO, M_NO, R_CONTENT, R_DELETE, R_POSTDATE) VALUES (06, 06, 06, 'R_CONTENT 06', 0, sysdate);
INSERT INTO REPLY (R_NO, C_NO, M_NO, R_CONTENT, R_DELETE, R_POSTDATE) VALUES (07, 07, 07, 'R_CONTENT 07', 0, sysdate);
INSERT INTO REPLY (R_NO, C_NO, M_NO, R_CONTENT, R_DELETE, R_POSTDATE) VALUES (08, 08, 08, 'R_CONTENT 08', 0, sysdate);
INSERT INTO REPLY (R_NO, C_NO, M_NO, R_CONTENT, R_DELETE, R_POSTDATE) VALUES (09, 09, 09, 'R_CONTENT 09', 0, sysdate);
INSERT INTO REPLY (R_NO, C_NO, M_NO, R_CONTENT, R_DELETE, R_POSTDATE) VALUES (10, 10, 10, 'R_CONTENT 10', 0, sysdate);
INSERT INTO REPLY (R_NO, C_NO, M_NO, R_CONTENT, R_DELETE, R_POSTDATE) VALUES (11, 11, 11, 'R_CONTENT 11', 0, sysdate);
INSERT INTO REPLY (R_NO, C_NO, M_NO, R_CONTENT, R_DELETE, R_POSTDATE) VALUES (12, 12, 12, 'R_CONTENT 12', 0, sysdate);
INSERT INTO REPLY (R_NO, C_NO, M_NO, R_CONTENT, R_DELETE, R_POSTDATE) VALUES (13, 13, 13, 'R_CONTENT 13', 0, sysdate);
INSERT INTO REPLY (R_NO, C_NO, M_NO, R_CONTENT, R_DELETE, R_POSTDATE) VALUES (14, 14, 14, 'R_CONTENT 14', 0, sysdate);
INSERT INTO REPLY (R_NO, C_NO, M_NO, R_CONTENT, R_DELETE, R_POSTDATE) VALUES (15, 15, 15, 'R_CONTENT 15', 0, sysdate);
INSERT INTO REPLY (R_NO, C_NO, M_NO, R_CONTENT, R_DELETE, R_POSTDATE) VALUES (16, 16, 16, 'R_CONTENT 16', 1, sysdate);
INSERT INTO REPLY (R_NO, C_NO, M_NO, R_CONTENT, R_DELETE, R_POSTDATE) VALUES (17, 17, 17, 'R_CONTENT 17', 1, sysdate);
INSERT INTO REPLY (R_NO, C_NO, M_NO, R_CONTENT, R_DELETE, R_POSTDATE) VALUES (18, 18, 18, 'R_CONTENT 18', 1, sysdate);
INSERT INTO REPLY (R_NO, C_NO, M_NO, R_CONTENT, R_DELETE, R_POSTDATE) VALUES (19, 19, 19, 'R_CONTENT 19', 1, sysdate);
INSERT INTO REPLY (R_NO, C_NO, M_NO, R_CONTENT, R_DELETE, R_POSTDATE) VALUES (20, 20, 20, 'R_CONTENT 20', 1, sysdate);

-- RESERVATION TEST DATA
-- 예약된 인원 데이터인 RES_PEOPLE은 맘대로 바꾸셔도 될듯
DELETE FROM RESERVATION;
INSERT INTO RESERVATION (RES_NO, M_NO, PO_NO, RES_DATE, RES_PEOPLE, RES_STATE, RES_EMAIL, RES_PRICE, RES_APPLYNUM, RES_PURPOSE, RES_REQUIREMENT) VALUES (01, 01, 01, sysdate, 01, 'RES_STATE 01', '');
INSERT INTO RESERVATION (RES_NO, M_NO, PO_NO, RES_DATE, RES_PEOPLE, RES_STATE) VALUES (02, 02, 02, sysdate, 02, 'RES_STATE 02');
INSERT INTO RESERVATION (RES_NO, M_NO, PO_NO, RES_DATE, RES_PEOPLE, RES_STATE) VALUES (03, 03, 03, sysdate, 03, 'RES_STATE 03');
INSERT INTO RESERVATION (RES_NO, M_NO, PO_NO, RES_DATE, RES_PEOPLE, RES_STATE) VALUES (04, 04, 04, sysdate, 04, 'RES_STATE 04');
INSERT INTO RESERVATION (RES_NO, M_NO, PO_NO, RES_DATE, RES_PEOPLE, RES_STATE) VALUES (05, 05, 05, sysdate, 05, 'RES_STATE 05');
INSERT INTO RESERVATION (RES_NO, M_NO, PO_NO, RES_DATE, RES_PEOPLE, RES_STATE) VALUES (06, 06, 06, sysdate, 06, 'RES_STATE 06');
INSERT INTO RESERVATION (RES_NO, M_NO, PO_NO, RES_DATE, RES_PEOPLE, RES_STATE) VALUES (07, 07, 07, sysdate, 07, 'RES_STATE 07');
INSERT INTO RESERVATION (RES_NO, M_NO, PO_NO, RES_DATE, RES_PEOPLE, RES_STATE) VALUES (08, 08, 08, sysdate, 08, 'RES_STATE 08');
INSERT INTO RESERVATION (RES_NO, M_NO, PO_NO, RES_DATE, RES_PEOPLE, RES_STATE) VALUES (09, 09, 09, sysdate, 09, 'RES_STATE 09');
INSERT INTO RESERVATION (RES_NO, M_NO, PO_NO, RES_DATE, RES_PEOPLE, RES_STATE) VALUES (10, 10, 10, sysdate, 10, 'RES_STATE 10');
INSERT INTO RESERVATION (RES_NO, M_NO, PO_NO, RES_DATE, RES_PEOPLE, RES_STATE) VALUES (11, 11, 11, sysdate, 11, 'RES_STATE 11');
INSERT INTO RESERVATION (RES_NO, M_NO, PO_NO, RES_DATE, RES_PEOPLE, RES_STATE) VALUES (12, 12, 12, sysdate, 12, 'RES_STATE 12');
INSERT INTO RESERVATION (RES_NO, M_NO, PO_NO, RES_DATE, RES_PEOPLE, RES_STATE) VALUES (13, 13, 13, sysdate, 13, 'RES_STATE 13');
INSERT INTO RESERVATION (RES_NO, M_NO, PO_NO, RES_DATE, RES_PEOPLE, RES_STATE) VALUES (14, 14, 14, sysdate, 14, 'RES_STATE 14');
INSERT INTO RESERVATION (RES_NO, M_NO, PO_NO, RES_DATE, RES_PEOPLE, RES_STATE) VALUES (15, 15, 15, sysdate, 15, 'RES_STATE 15');
INSERT INTO RESERVATION (RES_NO, M_NO, PO_NO, RES_DATE, RES_PEOPLE, RES_STATE) VALUES (16, 16, 16, sysdate, 16, 'RES_STATE 16');
INSERT INTO RESERVATION (RES_NO, M_NO, PO_NO, RES_DATE, RES_PEOPLE, RES_STATE) VALUES (17, 17, 17, sysdate, 17, 'RES_STATE 17');
INSERT INTO RESERVATION (RES_NO, M_NO, PO_NO, RES_DATE, RES_PEOPLE, RES_STATE) VALUES (18, 18, 18, sysdate, 18, 'RES_STATE 18');
INSERT INTO RESERVATION (RES_NO, M_NO, PO_NO, RES_DATE, RES_PEOPLE, RES_STATE) VALUES (19, 19, 19, sysdate, 19, 'RES_STATE 19');
INSERT INTO RESERVATION (RES_NO, M_NO, PO_NO, RES_DATE, RES_PEOPLE, RES_STATE) VALUES (20, 20, 20, sysdate, 20, 'RES_STATE 20');

-- REVIEW TEST DATA

-- 16~20데이터는 삭제된 데이터
INSERT INTO REVIEW (RV_NO, M_NO, P_NO, RV_DELETE, RV_STAR, RV_IMG, RV_POSTDATE, RV_MODIFYDATE, RV_CONTENT) VALUES (01, 01, 01, 0, 01, 'RV_IMG01.jpg', SYSDATE, SYSDATE, '재밌었습니다. 재밌었습니다. 재밌었습니다. 재밌었습니다.');
INSERT INTO REVIEW (RV_NO, M_NO, P_NO, RV_DELETE, RV_STAR, RV_IMG, RV_POSTDATE, RV_MODIFYDATE, RV_CONTENT) VALUES (02, 02, 02, 0, 02, 'RV_IMG02.jpg', '21-1-20', SYSDATE, '재밌었습니다. 재밌었습니다. 재밌었습니다. 재밌었습니다.');
INSERT INTO REVIEW (RV_NO, M_NO, P_NO, RV_DELETE, RV_STAR, RV_IMG, RV_POSTDATE, RV_MODIFYDATE, RV_CONTENT) VALUES (03, 03, 03, 0, 03, 'RV_IMG03.jpg', '21-1-21', SYSDATE, '재밌었습니다. 재밌었습니다. 재밌었습니다. 재밌었습니다.');
INSERT INTO REVIEW (RV_NO, M_NO, P_NO, RV_DELETE, RV_STAR, RV_IMG, RV_POSTDATE, RV_MODIFYDATE, RV_CONTENT) VALUES (04, 04, 04, 0, 04, 'RV_IMG04.jpg', '21-1-22', SYSDATE, '재밌었습니다. 재밌었습니다. 재밌었습니다. 재밌었습니다.');
INSERT INTO REVIEW (RV_NO, M_NO, P_NO, RV_DELETE, RV_STAR, RV_IMG, RV_POSTDATE, RV_MODIFYDATE, RV_CONTENT) VALUES (05, 05, 05, 0, 05, 'RV_IMG05.jpg', '21-1-23', SYSDATE, '재밌었습니다. 재밌었습니다. 재밌었습니다. 재밌었습니다.');
INSERT INTO REVIEW (RV_NO, M_NO, P_NO, RV_DELETE, RV_STAR, RV_IMG, RV_POSTDATE, RV_MODIFYDATE, RV_CONTENT) VALUES (06, 06, 06, 0, 06, 'RV_IMG06.jpg', '21-1-24', SYSDATE, '재밌었습니다. 재밌었습니다. 재밌었습니다. 재밌었습니다.');
INSERT INTO REVIEW (RV_NO, M_NO, P_NO, RV_DELETE, RV_STAR, RV_IMG, RV_POSTDATE, RV_MODIFYDATE, RV_CONTENT) VALUES (07, 07, 07, 0, 07, 'RV_IMG07.jpg', '21-1-25', SYSDATE, '재밌었습니다. 재밌었습니다. 재밌었습니다. 재밌었습니다.');
INSERT INTO REVIEW (RV_NO, M_NO, P_NO, RV_DELETE, RV_STAR, RV_IMG, RV_POSTDATE, RV_MODIFYDATE, RV_CONTENT) VALUES (08, 08, 08, 0, 08, 'RV_IMG08.jpg', '21-1-26', SYSDATE, '재밌었습니다. 재밌었습니다. 재밌었습니다. 재밌었습니다.');
INSERT INTO REVIEW (RV_NO, M_NO, P_NO, RV_DELETE, RV_STAR, RV_IMG, RV_POSTDATE, RV_MODIFYDATE, RV_CONTENT) VALUES (09, 09, 09, 0, 09, 'RV_IMG09.jpg', '21-1-27', SYSDATE, '재밌었습니다. 재밌었습니다. 재밌었습니다. 재밌었습니다.');
INSERT INTO REVIEW (RV_NO, M_NO, P_NO, RV_DELETE, RV_STAR, RV_IMG, RV_POSTDATE, RV_MODIFYDATE, RV_CONTENT) VALUES (10, 10, 10, 0, 10, 'RV_IMG10.jpg', '21-1-28', SYSDATE, '재밌었습니다. 재밌었습니다. 재밌었습니다. 재밌었습니다.');
INSERT INTO REVIEW (RV_NO, M_NO, P_NO, RV_DELETE, RV_STAR, RV_IMG, RV_POSTDATE, RV_MODIFYDATE, RV_CONTENT) VALUES (11, 11, 11, 0, 11, 'RV_IMG11.jpg', '21-1-29', SYSDATE, '재밌었습니다. 재밌었습니다. 재밌었습니다. 재밌었습니다.');
INSERT INTO REVIEW (RV_NO, M_NO, P_NO, RV_DELETE, RV_STAR, RV_IMG, RV_POSTDATE, RV_MODIFYDATE, RV_CONTENT) VALUES (12, 12, 12, 0, 12, 'RV_IMG12.jpg', '21-1-30', SYSDATE, '재밌었습니다. 재밌었습니다. 재밌었습니다. 재밌었습니다.');
INSERT INTO REVIEW (RV_NO, M_NO, P_NO, RV_DELETE, RV_STAR, RV_IMG, RV_POSTDATE, RV_MODIFYDATE, RV_CONTENT) VALUES (13, 13, 13, 0, 13, 'RV_IMG13.jpg', '21-1-31', SYSDATE, '재밌었습니다. 재밌었습니다. 재밌었습니다. 재밌었습니다.');
INSERT INTO REVIEW (RV_NO, M_NO, P_NO, RV_DELETE, RV_STAR, RV_IMG, RV_POSTDATE, RV_MODIFYDATE, RV_CONTENT) VALUES (14, 14, 14, 0, 14, 'RV_IMG14.jpg', '21-1-31', SYSDATE, '재밌었습니다. 재밌었습니다. 재밌었습니다. 재밌었습니다.');
INSERT INTO REVIEW (RV_NO, M_NO, P_NO, RV_DELETE, RV_STAR, RV_IMG, RV_POSTDATE, RV_MODIFYDATE, RV_CONTENT) VALUES (15, 15, 15, 0, 15, 'RV_IMG15.jpg', '21-1-31', SYSDATE, '재밌었습니다. 재밌었습니다. 재밌었습니다. 재밌었습니다.');
INSERT INTO REVIEW (RV_NO, M_NO, P_NO, RV_DELETE, RV_STAR, RV_IMG, RV_POSTDATE, RV_MODIFYDATE, RV_CONTENT) VALUES (16, 16, 16, 1, 16, 'RV_IMG16.jpg', '21-1-31', SYSDATE, '재밌었습니다. 재밌었습니다. 재밌었습니다. 재밌었습니다.');
INSERT INTO REVIEW (RV_NO, M_NO, P_NO, RV_DELETE, RV_STAR, RV_IMG, RV_POSTDATE, RV_MODIFYDATE, RV_CONTENT) VALUES (17, 17, 17, 1, 17, 'RV_IMG17.jpg', '21-1-31', SYSDATE, '재밌었습니다. 재밌었습니다. 재밌었습니다. 재밌었습니다.');
INSERT INTO REVIEW (RV_NO, M_NO, P_NO, RV_DELETE, RV_STAR, RV_IMG, RV_POSTDATE, RV_MODIFYDATE, RV_CONTENT) VALUES (18, 18, 18, 1, 18, 'RV_IMG18.jpg', '21-1-31', SYSDATE, '재밌었습니다. 재밌었습니다. 재밌었습니다. 재밌었습니다.');
INSERT INTO REVIEW (RV_NO, M_NO, P_NO, RV_DELETE, RV_STAR, RV_IMG, RV_POSTDATE, RV_MODIFYDATE, RV_CONTENT) VALUES (19, 19, 19, 1, 19, 'RV_IMG19.jpg', '21-1-31', SYSDATE, '재밌었습니다. 재밌었습니다. 재밌었습니다. 재밌었습니다.');
INSERT INTO REVIEW (RV_NO, M_NO, P_NO, RV_DELETE, RV_STAR, RV_IMG, RV_POSTDATE, RV_MODIFYDATE, RV_CONTENT) VALUES (20, 20, 20, 1, 20, 'RV_IMG20.jpg', '21-1-31', SYSDATE, '재밌었습니다. 재밌었습니다. 재밌었습니다. 재밌었습니다.');


UPDATE REVIEW SET RV_IMG = '[ "RV_IMG101.jpg", "RV_IMG102.jpg", "RV_IMG103.jpg" ]' WHERE RV_NO = 1;
UPDATE REVIEW SET RV_IMG = '[ "RV_IMG201.jpg", "RV_IMG202.jpg", "RV_IMG203.jpg" ]' WHERE RV_NO = 2;
UPDATE REVIEW SET RV_IMG = '[ "RV_IMG301.jpg", "RV_IMG302.jpg", "RV_IMG303.jpg" ]' WHERE RV_NO = 3;
UPDATE REVIEW SET RV_IMG = '[ "RV_IMG401.jpg", "RV_IMG402.jpg", "RV_IMG403.jpg" ]' WHERE RV_NO = 4;
UPDATE REVIEW SET RV_IMG = '[ "RV_IMG501.jpg", "RV_IMG502.jpg", "RV_IMG503.jpg" ]' WHERE RV_NO = 5;
UPDATE REVIEW SET RV_IMG = '[ "RV_IMG601.jpg", "RV_IMG602.jpg", "RV_IMG603.jpg" ]' WHERE RV_NO = 6;
UPDATE REVIEW SET RV_IMG = '[ "RV_IMG701.jpg", "RV_IMG702.jpg", "RV_IMG703.jpg" ]' WHERE RV_NO = 7;
UPDATE REVIEW SET RV_IMG = '[ "RV_IMG801.jpg", "RV_IMG802.jpg", "RV_IMG803.jpg" ]' WHERE RV_NO = 8;
UPDATE REVIEW SET RV_IMG = '[ "RV_IMG901.jpg", "RV_IMG902.jpg", "RV_IMG903.jpg" ]' WHERE RV_NO = 9;
UPDATE REVIEW SET RV_IMG = '[ "RV_IMG1001.jpg", "RV_IMG1002.jpg", "RV_IMG1003.jpg" ]' WHERE RV_NO = 10;
UPDATE REVIEW SET RV_IMG = '[ "RV_IMG1101.jpg", "RV_IMG1102.jpg", "RV_IMG1103.jpg" ]' WHERE RV_NO = 11;
UPDATE REVIEW SET RV_IMG = '[ "RV_IMG1201.jpg", "RV_IMG1202.jpg", "RV_IMG1203.jpg" ]' WHERE RV_NO = 12;
UPDATE REVIEW SET RV_IMG = '[ "RV_IMG1301.jpg", "RV_IMG1302.jpg", "RV_IMG1303.jpg" ]' WHERE RV_NO = 13;
UPDATE REVIEW SET RV_IMG = '[ "RV_IMG1401.jpg", "RV_IMG1402.jpg", "RV_IMG1403.jpg" ]' WHERE RV_NO = 14;
UPDATE REVIEW SET RV_IMG = '[ "RV_IMG1501.jpg", "RV_IMG1502.jpg", "RV_IMG1503.jpg" ]' WHERE RV_NO = 15;
UPDATE REVIEW SET RV_IMG = '[ "RV_IMG1601.jpg", "RV_IMG1602.jpg", "RV_IMG1603.jpg" ]' WHERE RV_NO = 16;
UPDATE REVIEW SET RV_IMG = '[ "RV_IMG1701.jpg", "RV_IMG1702.jpg", "RV_IMG1703.jpg" ]' WHERE RV_NO = 17;
UPDATE REVIEW SET RV_IMG = '[ "RV_IMG1801.jpg", "RV_IMG1802.jpg", "RV_IMG1803.jpg" ]' WHERE RV_NO = 18;
UPDATE REVIEW SET RV_IMG = '[ "RV_IMG1901.jpg", "RV_IMG1902.jpg", "RV_IMG1903.jpg" ]' WHERE RV_NO = 19;
UPDATE REVIEW SET RV_IMG = '[ "RV_IMG2001.jpg", "RV_IMG2002.jpg", "RV_IMG2003.jpg" ]' WHERE RV_NO = 20;
-- NOTICE TEST DATA
INSERT INTO NOTICE (N_NO, N_TITLE, N_CONTENT, N_POSTDATE) VALUES (01, 'N_TITLE 01', 'N_CONTENT 01', sysdate);
INSERT INTO NOTICE (N_NO, N_TITLE, N_CONTENT, N_POSTDATE) VALUES (02, 'N_TITLE 02', 'N_CONTENT 02', sysdate);
INSERT INTO NOTICE (N_NO, N_TITLE, N_CONTENT, N_POSTDATE) VALUES (03, 'N_TITLE 03', 'N_CONTENT 03', sysdate);
INSERT INTO NOTICE (N_NO, N_TITLE, N_CONTENT, N_POSTDATE) VALUES (04, 'N_TITLE 04', 'N_CONTENT 04', sysdate);
INSERT INTO NOTICE (N_NO, N_TITLE, N_CONTENT, N_POSTDATE) VALUES (05, 'N_TITLE 05', 'N_CONTENT 05', sysdate);
INSERT INTO NOTICE (N_NO, N_TITLE, N_CONTENT, N_POSTDATE) VALUES (06, 'N_TITLE 06', 'N_CONTENT 06', sysdate);
INSERT INTO NOTICE (N_NO, N_TITLE, N_CONTENT, N_POSTDATE) VALUES (07, 'N_TITLE 07', 'N_CONTENT 07', sysdate);
INSERT INTO NOTICE (N_NO, N_TITLE, N_CONTENT, N_POSTDATE) VALUES (08, 'N_TITLE 08', 'N_CONTENT 08', sysdate);
INSERT INTO NOTICE (N_NO, N_TITLE, N_CONTENT, N_POSTDATE) VALUES (09, 'N_TITLE 09', 'N_CONTENT 09', sysdate);
INSERT INTO NOTICE (N_NO, N_TITLE, N_CONTENT, N_POSTDATE) VALUES (10, 'N_TITLE 10', 'N_CONTENT 10', sysdate);
INSERT INTO NOTICE (N_NO, N_TITLE, N_CONTENT, N_POSTDATE) VALUES (11, 'N_TITLE 11', 'N_CONTENT 11', sysdate);
INSERT INTO NOTICE (N_NO, N_TITLE, N_CONTENT, N_POSTDATE) VALUES (12, 'N_TITLE 12', 'N_CONTENT 12', sysdate);
INSERT INTO NOTICE (N_NO, N_TITLE, N_CONTENT, N_POSTDATE) VALUES (13, 'N_TITLE 13', 'N_CONTENT 13', sysdate);
INSERT INTO NOTICE (N_NO, N_TITLE, N_CONTENT, N_POSTDATE) VALUES (14, 'N_TITLE 14', 'N_CONTENT 14', sysdate);
INSERT INTO NOTICE (N_NO, N_TITLE, N_CONTENT, N_POSTDATE) VALUES (15, 'N_TITLE 15', 'N_CONTENT 15', sysdate);
INSERT INTO NOTICE (N_NO, N_TITLE, N_CONTENT, N_POSTDATE) VALUES (16, 'N_TITLE 16', 'N_CONTENT 16', sysdate);
INSERT INTO NOTICE (N_NO, N_TITLE, N_CONTENT, N_POSTDATE) VALUES (17, 'N_TITLE 17', 'N_CONTENT 17', sysdate);
INSERT INTO NOTICE (N_NO, N_TITLE, N_CONTENT, N_POSTDATE) VALUES (18, 'N_TITLE 18', 'N_CONTENT 18', sysdate);
INSERT INTO NOTICE (N_NO, N_TITLE, N_CONTENT, N_POSTDATE) VALUES (19, 'N_TITLE 19', 'N_CONTENT 19', sysdate);
INSERT INTO NOTICE (N_NO, N_TITLE, N_CONTENT, N_POSTDATE) VALUES (20, 'N_TITLE 20', 'N_CONTENT 20', sysdate);

-- FAQ TEST DATA
INSERT INTO FAQ (F_NO, F_TITLE, F_CONTENT, F_REGDATE, F_CATEGORY) VALUES (01, 'F_TITLE 01', 'F_CONTENT 01', sysdate, 01);
INSERT INTO FAQ (F_NO, F_TITLE, F_CONTENT, F_REGDATE, F_CATEGORY) VALUES (02, 'F_TITLE 02', 'F_CONTENT 02', sysdate, 02);
INSERT INTO FAQ (F_NO, F_TITLE, F_CONTENT, F_REGDATE, F_CATEGORY) VALUES (03, 'F_TITLE 03', 'F_CONTENT 03', sysdate, 03);
INSERT INTO FAQ (F_NO, F_TITLE, F_CONTENT, F_REGDATE, F_CATEGORY) VALUES (04, 'F_TITLE 04', 'F_CONTENT 04', sysdate, 04);
INSERT INTO FAQ (F_NO, F_TITLE, F_CONTENT, F_REGDATE, F_CATEGORY) VALUES (05, 'F_TITLE 05', 'F_CONTENT 05', sysdate, 05);
INSERT INTO FAQ (F_NO, F_TITLE, F_CONTENT, F_REGDATE, F_CATEGORY) VALUES (06, 'F_TITLE 06', 'F_CONTENT 06', sysdate, 06);
INSERT INTO FAQ (F_NO, F_TITLE, F_CONTENT, F_REGDATE, F_CATEGORY) VALUES (07, 'F_TITLE 07', 'F_CONTENT 07', sysdate, 07);
INSERT INTO FAQ (F_NO, F_TITLE, F_CONTENT, F_REGDATE, F_CATEGORY) VALUES (08, 'F_TITLE 08', 'F_CONTENT 08', sysdate, 08);
INSERT INTO FAQ (F_NO, F_TITLE, F_CONTENT, F_REGDATE, F_CATEGORY) VALUES (09, 'F_TITLE 09', 'F_CONTENT 09', sysdate, 09);
INSERT INTO FAQ (F_NO, F_TITLE, F_CONTENT, F_REGDATE, F_CATEGORY) VALUES (10, 'F_TITLE 10', 'F_CONTENT 10', sysdate, 10);
INSERT INTO FAQ (F_NO, F_TITLE, F_CONTENT, F_REGDATE, F_CATEGORY) VALUES (11, 'F_TITLE 11', 'F_CONTENT 11', sysdate, 11);
INSERT INTO FAQ (F_NO, F_TITLE, F_CONTENT, F_REGDATE, F_CATEGORY) VALUES (12, 'F_TITLE 12', 'F_CONTENT 12', sysdate, 12);
INSERT INTO FAQ (F_NO, F_TITLE, F_CONTENT, F_REGDATE, F_CATEGORY) VALUES (13, 'F_TITLE 13', 'F_CONTENT 13', sysdate, 13);
INSERT INTO FAQ (F_NO, F_TITLE, F_CONTENT, F_REGDATE, F_CATEGORY) VALUES (14, 'F_TITLE 14', 'F_CONTENT 14', sysdate, 14);
INSERT INTO FAQ (F_NO, F_TITLE, F_CONTENT, F_REGDATE, F_CATEGORY) VALUES (15, 'F_TITLE 15', 'F_CONTENT 15', sysdate, 15);
INSERT INTO FAQ (F_NO, F_TITLE, F_CONTENT, F_REGDATE, F_CATEGORY) VALUES (16, 'F_TITLE 16', 'F_CONTENT 16', sysdate, 16);
INSERT INTO FAQ (F_NO, F_TITLE, F_CONTENT, F_REGDATE, F_CATEGORY) VALUES (17, 'F_TITLE 17', 'F_CONTENT 17', sysdate, 17);
INSERT INTO FAQ (F_NO, F_TITLE, F_CONTENT, F_REGDATE, F_CATEGORY) VALUES (18, 'F_TITLE 18', 'F_CONTENT 18', sysdate, 18);
INSERT INTO FAQ (F_NO, F_TITLE, F_CONTENT, F_REGDATE, F_CATEGORY) VALUES (19, 'F_TITLE 19', 'F_CONTENT 19', sysdate, 19);
INSERT INTO FAQ (F_NO, F_TITLE, F_CONTENT, F_REGDATE, F_CATEGORY) VALUES (20, 'F_TITLE 20', 'F_CONTENT 20', sysdate, 20);

-- WISHLIST TEST DATA
-- 일단 위시리스트도 그냥 순차적으로 올라가는 식으로 했는데
-- DB구조 파악하시고 W_NO말고 다른 것들은 원하는대로 바꾸셔도 됩니다.
-- W_NO는 PK이니 순차적으로 올려야하는 거 잊지마세요!
INSERT INTO WISHLIST (W_NO, C_NO, M_NO) VALUES (01, 01, 01);
INSERT INTO WISHLIST (W_NO, C_NO, M_NO) VALUES (02, 02, 02);
INSERT INTO WISHLIST (W_NO, C_NO, M_NO) VALUES (03, 03, 03);
INSERT INTO WISHLIST (W_NO, C_NO, M_NO) VALUES (04, 04, 04);
INSERT INTO WISHLIST (W_NO, C_NO, M_NO) VALUES (05, 05, 05);
INSERT INTO WISHLIST (W_NO, C_NO, M_NO) VALUES (06, 06, 06);
INSERT INTO WISHLIST (W_NO, C_NO, M_NO) VALUES (07, 07, 07);
INSERT INTO WISHLIST (W_NO, C_NO, M_NO) VALUES (08, 08, 08);
INSERT INTO WISHLIST (W_NO, C_NO, M_NO) VALUES (09, 09, 09);
INSERT INTO WISHLIST (W_NO, C_NO, M_NO) VALUES (10, 10, 10);
INSERT INTO WISHLIST (W_NO, C_NO, M_NO) VALUES (11, 11, 11);
INSERT INTO WISHLIST (W_NO, C_NO, M_NO) VALUES (12, 12, 12);
INSERT INTO WISHLIST (W_NO, C_NO, M_NO) VALUES (13, 13, 13);
INSERT INTO WISHLIST (W_NO, C_NO, M_NO) VALUES (14, 14, 14);
INSERT INTO WISHLIST (W_NO, C_NO, M_NO) VALUES (15, 15, 15);
INSERT INTO WISHLIST (W_NO, C_NO, M_NO) VALUES (16, 16, 16);
INSERT INTO WISHLIST (W_NO, C_NO, M_NO) VALUES (17, 17, 17);
INSERT INTO WISHLIST (W_NO, C_NO, M_NO) VALUES (18, 18, 18);
INSERT INTO WISHLIST (W_NO, C_NO, M_NO) VALUES (19, 19, 19);
INSERT INTO WISHLIST (W_NO, C_NO, M_NO) VALUES (20, 20, 20);