-- 일반 회원의 아이디는 member에 넘버링
-- 판매자의 아이디는 seller에 넘버링
-- 모든 회원, 판매자의 비밀번호는 1111

-- MEMBER TEST DATA

-- 1~15 메일인증완료
-- 16~20 메일인증미완
-- 회원은 member$$
INSERT INTO MEMBER (M_NO, M_ID, M_PW, M_PHONE, M_NAME, M_BIRTH, M_NICK, M_EMAIL, M_REGDATE, M_AGREEMENT) VALUES (01, 'member01', '1111', 'M_PHONE 01', 'M_NAME 01', 'M_BIRTH 01', 'M_NICK 01', 'M_EMAIL 01', sysdate, 1);
INSERT INTO MEMBER (M_NO, M_ID, M_PW, M_PHONE, M_NAME, M_BIRTH, M_NICK, M_EMAIL, M_REGDATE, M_AGREEMENT) VALUES (02, 'member02', '1111', 'M_PHONE 02', 'M_NAME 02', 'M_BIRTH 02', 'M_NICK 02', 'M_EMAIL 02', sysdate, 1);
INSERT INTO MEMBER (M_NO, M_ID, M_PW, M_PHONE, M_NAME, M_BIRTH, M_NICK, M_EMAIL, M_REGDATE, M_AGREEMENT) VALUES (03, 'member03', '1111', 'M_PHONE 03', 'M_NAME 03', 'M_BIRTH 03', 'M_NICK 03', 'M_EMAIL 03', sysdate, 1);
INSERT INTO MEMBER (M_NO, M_ID, M_PW, M_PHONE, M_NAME, M_BIRTH, M_NICK, M_EMAIL, M_REGDATE, M_AGREEMENT) VALUES (04, 'member04', '1111', 'M_PHONE 04', 'M_NAME 04', 'M_BIRTH 04', 'M_NICK 04', 'M_EMAIL 04', sysdate, 1);
INSERT INTO MEMBER (M_NO, M_ID, M_PW, M_PHONE, M_NAME, M_BIRTH, M_NICK, M_EMAIL, M_REGDATE, M_AGREEMENT) VALUES (05, 'member05', '1111', 'M_PHONE 05', 'M_NAME 05', 'M_BIRTH 05', 'M_NICK 05', 'M_EMAIL 05', sysdate, 1);
INSERT INTO MEMBER (M_NO, M_ID, M_PW, M_PHONE, M_NAME, M_BIRTH, M_NICK, M_EMAIL, M_REGDATE, M_AGREEMENT) VALUES (06, 'member06', '1111', 'M_PHONE 06', 'M_NAME 06', 'M_BIRTH 06', 'M_NICK 06', 'M_EMAIL 06', sysdate, 1);
INSERT INTO MEMBER (M_NO, M_ID, M_PW, M_PHONE, M_NAME, M_BIRTH, M_NICK, M_EMAIL, M_REGDATE, M_AGREEMENT) VALUES (07, 'member07', '1111', 'M_PHONE 07', 'M_NAME 07', 'M_BIRTH 07', 'M_NICK 07', 'M_EMAIL 07', sysdate, 1);
INSERT INTO MEMBER (M_NO, M_ID, M_PW, M_PHONE, M_NAME, M_BIRTH, M_NICK, M_EMAIL, M_REGDATE, M_AGREEMENT) VALUES (08, 'member08', '1111', 'M_PHONE 08', 'M_NAME 08', 'M_BIRTH 08', 'M_NICK 08', 'M_EMAIL 08', sysdate, 1);
INSERT INTO MEMBER (M_NO, M_ID, M_PW, M_PHONE, M_NAME, M_BIRTH, M_NICK, M_EMAIL, M_REGDATE, M_AGREEMENT) VALUES (09, 'member09', '1111', 'M_PHONE 09', 'M_NAME 09', 'M_BIRTH 09', 'M_NICK 09', 'M_EMAIL 09', sysdate, 1);
INSERT INTO MEMBER (M_NO, M_ID, M_PW, M_PHONE, M_NAME, M_BIRTH, M_NICK, M_EMAIL, M_REGDATE, M_AGREEMENT) VALUES (10, 'member10', '1111', 'M_PHONE 10', 'M_NAME 10', 'M_BIRTH 10', 'M_NICK 10', 'M_EMAIL 10', sysdate, 1);
INSERT INTO MEMBER (M_NO, M_ID, M_PW, M_PHONE, M_NAME, M_BIRTH, M_NICK, M_EMAIL, M_REGDATE, M_AGREEMENT) VALUES (11, 'member11', '1111', 'M_PHONE 11', 'M_NAME 11', 'M_BIRTH 11', 'M_NICK 11', 'M_EMAIL 11', sysdate, 1);
INSERT INTO MEMBER (M_NO, M_ID, M_PW, M_PHONE, M_NAME, M_BIRTH, M_NICK, M_EMAIL, M_REGDATE, M_AGREEMENT) VALUES (12, 'member12', '1111', 'M_PHONE 12', 'M_NAME 12', 'M_BIRTH 12', 'M_NICK 12', 'M_EMAIL 12', sysdate, 1);
INSERT INTO MEMBER (M_NO, M_ID, M_PW, M_PHONE, M_NAME, M_BIRTH, M_NICK, M_EMAIL, M_REGDATE, M_AGREEMENT) VALUES (13, 'member13', '1111', 'M_PHONE 13', 'M_NAME 13', 'M_BIRTH 13', 'M_NICK 13', 'M_EMAIL 13', sysdate, 1);
INSERT INTO MEMBER (M_NO, M_ID, M_PW, M_PHONE, M_NAME, M_BIRTH, M_NICK, M_EMAIL, M_REGDATE, M_AGREEMENT) VALUES (14, 'member14', '1111', 'M_PHONE 14', 'M_NAME 14', 'M_BIRTH 14', 'M_NICK 14', 'M_EMAIL 14', sysdate, 1);
INSERT INTO MEMBER (M_NO, M_ID, M_PW, M_PHONE, M_NAME, M_BIRTH, M_NICK, M_EMAIL, M_REGDATE, M_AGREEMENT) VALUES (15, 'member15', '1111', 'M_PHONE 15', 'M_NAME 15', 'M_BIRTH 15', 'M_NICK 15', 'M_EMAIL 15', sysdate, 1);
INSERT INTO MEMBER (M_NO, M_ID, M_PW, M_PHONE, M_NAME, M_BIRTH, M_NICK, M_EMAIL, M_REGDATE, M_AGREEMENT) VALUES (16, 'member16', '1111', 'M_PHONE 16', 'M_NAME 16', 'M_BIRTH 16', 'M_NICK 16', 'M_EMAIL 16', sysdate, 1);
INSERT INTO MEMBER (M_NO, M_ID, M_PW, M_PHONE, M_NAME, M_BIRTH, M_NICK, M_EMAIL, M_REGDATE, M_AGREEMENT) VALUES (17, 'member17', '1111', 'M_PHONE 17', 'M_NAME 17', 'M_BIRTH 17', 'M_NICK 17', 'M_EMAIL 17', sysdate, 1);
INSERT INTO MEMBER (M_NO, M_ID, M_PW, M_PHONE, M_NAME, M_BIRTH, M_NICK, M_EMAIL, M_REGDATE, M_AGREEMENT) VALUES (18, 'member18', '1111', 'M_PHONE 18', 'M_NAME 18', 'M_BIRTH 18', 'M_NICK 18', 'M_EMAIL 18', sysdate, 1);
INSERT INTO MEMBER (M_NO, M_ID, M_PW, M_PHONE, M_NAME, M_BIRTH, M_NICK, M_EMAIL, M_REGDATE, M_AGREEMENT) VALUES (19, 'member19', '1111', 'M_PHONE 19', 'M_NAME 19', 'M_BIRTH 19', 'M_NICK 19', 'M_EMAIL 19', sysdate, 1);
INSERT INTO MEMBER (M_NO, M_ID, M_PW, M_PHONE, M_NAME, M_BIRTH, M_NICK, M_EMAIL, M_REGDATE, M_AGREEMENT) VALUES (20, 'member20', '1111', 'M_PHONE 20', 'M_NAME 20', 'M_BIRTH 20', 'M_NICK 20', 'M_EMAIL 20', sysdate, 1);

-- CATEGORY TEST DATA
INSERT INTO CATEGORY (CT_NO, CT_NAME) VALUES (01, 'CT_NAME 01');
INSERT INTO CATEGORY (CT_NO, CT_NAME) VALUES (02, 'CT_NAME 02');
INSERT INTO CATEGORY (CT_NO, CT_NAME) VALUES (03, 'CT_NAME 03');
INSERT INTO CATEGORY (CT_NO, CT_NAME) VALUES (04, 'CT_NAME 04');
INSERT INTO CATEGORY (CT_NO, CT_NAME) VALUES (05, 'CT_NAME 05');
INSERT INTO CATEGORY (CT_NO, CT_NAME) VALUES (06, 'CT_NAME 06');
INSERT INTO CATEGORY (CT_NO, CT_NAME) VALUES (07, 'CT_NAME 07');
INSERT INTO CATEGORY (CT_NO, CT_NAME) VALUES (08, 'CT_NAME 08');
INSERT INTO CATEGORY (CT_NO, CT_NAME) VALUES (09, 'CT_NAME 09');
INSERT INTO CATEGORY (CT_NO, CT_NAME) VALUES (10, 'CT_NAME 10');
INSERT INTO CATEGORY (CT_NO, CT_NAME) VALUES (11, 'CT_NAME 11');
INSERT INTO CATEGORY (CT_NO, CT_NAME) VALUES (12, 'CT_NAME 12');
INSERT INTO CATEGORY (CT_NO, CT_NAME) VALUES (13, 'CT_NAME 13');
INSERT INTO CATEGORY (CT_NO, CT_NAME) VALUES (14, 'CT_NAME 14');
INSERT INTO CATEGORY (CT_NO, CT_NAME) VALUES (15, 'CT_NAME 15');
INSERT INTO CATEGORY (CT_NO, CT_NAME) VALUES (16, 'CT_NAME 16');
INSERT INTO CATEGORY (CT_NO, CT_NAME) VALUES (17, 'CT_NAME 17');
INSERT INTO CATEGORY (CT_NO, CT_NAME) VALUES (18, 'CT_NAME 18');
INSERT INTO CATEGORY (CT_NO, CT_NAME) VALUES (19, 'CT_NAME 19');
INSERT INTO CATEGORY (CT_NO, CT_NAME) VALUES (20, 'CT_NAME 20');

-- CLUB TEST DATA

-- 1~10 단기, 11~20 장기
-- 1~5 미삭제, 6~10 삭제
-- 11~15 미삭제, 16~20 삭제
INSERT INTO CLUB (C_NO, M_NO, C_TITLE, C_CONTENT, C_POSTDATE, C_STARTDATE, C_ENDDATE, C_MIN, C_MAX, C_MAINIMG, C_IMG1, C_IMG2, C_IMG3, C_DELETE, C_PART) VALUES (01, 01, 'C_TITLE 01', 'C_CONTENT 01', sysdate, sysdate, sysdate, 01, 01, 'C_MAINIMG 01', 'C_IMG 101', 'C_IMG 201', 'C_IMG 301', 0, 0);
INSERT INTO CLUB (C_NO, M_NO, C_TITLE, C_CONTENT, C_POSTDATE, C_STARTDATE, C_ENDDATE, C_MIN, C_MAX, C_MAINIMG, C_IMG1, C_IMG2, C_IMG3, C_DELETE, C_PART) VALUES (02, 01, 'C_TITLE 02', 'C_CONTENT 02', sysdate, sysdate, sysdate, 01, 01, 'C_MAINIMG 02', 'C_IMG 102', 'C_IMG 202', 'C_IMG 302', 0, 0);
INSERT INTO CLUB (C_NO, M_NO, C_TITLE, C_CONTENT, C_POSTDATE, C_STARTDATE, C_ENDDATE, C_MIN, C_MAX, C_MAINIMG, C_IMG1, C_IMG2, C_IMG3, C_DELETE, C_PART) VALUES (03, 02, 'C_TITLE 03', 'C_CONTENT 03', sysdate, sysdate, sysdate, 01, 01, 'C_MAINIMG 03', 'C_IMG 103', 'C_IMG 203', 'C_IMG 303', 0, 0);
INSERT INTO CLUB (C_NO, M_NO, C_TITLE, C_CONTENT, C_POSTDATE, C_STARTDATE, C_ENDDATE, C_MIN, C_MAX, C_MAINIMG, C_IMG1, C_IMG2, C_IMG3, C_DELETE, C_PART) VALUES (04, 02, 'C_TITLE 04', 'C_CONTENT 04', sysdate, sysdate, sysdate, 01, 01, 'C_MAINIMG 04', 'C_IMG 104', 'C_IMG 204', 'C_IMG 304', 0, 0);
INSERT INTO CLUB (C_NO, M_NO, C_TITLE, C_CONTENT, C_POSTDATE, C_STARTDATE, C_ENDDATE, C_MIN, C_MAX, C_MAINIMG, C_IMG1, C_IMG2, C_IMG3, C_DELETE, C_PART) VALUES (05, 03, 'C_TITLE 05', 'C_CONTENT 05', sysdate, sysdate, sysdate, 01, 01, 'C_MAINIMG 05', 'C_IMG 105', 'C_IMG 205', 'C_IMG 305', 0, 0);
INSERT INTO CLUB (C_NO, M_NO, C_TITLE, C_CONTENT, C_POSTDATE, C_STARTDATE, C_ENDDATE, C_MIN, C_MAX, C_MAINIMG, C_IMG1, C_IMG2, C_IMG3, C_DELETE, C_PART) VALUES (06, 04, 'C_TITLE 06', 'C_CONTENT 06', sysdate, sysdate, sysdate, 01, 01, 'C_MAINIMG 06', 'C_IMG 106', 'C_IMG 206', 'C_IMG 306', 0, 0);
INSERT INTO CLUB (C_NO, M_NO, C_TITLE, C_CONTENT, C_POSTDATE, C_STARTDATE, C_ENDDATE, C_MIN, C_MAX, C_MAINIMG, C_IMG1, C_IMG2, C_IMG3, C_DELETE, C_PART) VALUES (07, 05, 'C_TITLE 07', 'C_CONTENT 07', sysdate, sysdate, sysdate, 01, 01, 'C_MAINIMG 07', 'C_IMG 107', 'C_IMG 207', 'C_IMG 307', 0, 0);
INSERT INTO CLUB (C_NO, M_NO, C_TITLE, C_CONTENT, C_POSTDATE, C_STARTDATE, C_ENDDATE, C_MIN, C_MAX, C_MAINIMG, C_IMG1, C_IMG2, C_IMG3, C_DELETE, C_PART) VALUES (08, 06, 'C_TITLE 08', 'C_CONTENT 08', sysdate, sysdate, sysdate, 01, 01, 'C_MAINIMG 08', 'C_IMG 108', 'C_IMG 208', 'C_IMG 308', 0, 0);
INSERT INTO CLUB (C_NO, M_NO, C_TITLE, C_CONTENT, C_POSTDATE, C_STARTDATE, C_ENDDATE, C_MIN, C_MAX, C_MAINIMG, C_IMG1, C_IMG2, C_IMG3, C_DELETE, C_PART) VALUES (09, 06, 'C_TITLE 09', 'C_CONTENT 09', sysdate, sysdate, sysdate, 01, 01, 'C_MAINIMG 09', 'C_IMG 109', 'C_IMG 209', 'C_IMG 309', 0, 0);
INSERT INTO CLUB (C_NO, M_NO, C_TITLE, C_CONTENT, C_POSTDATE, C_STARTDATE, C_ENDDATE, C_MIN, C_MAX, C_MAINIMG, C_IMG1, C_IMG2, C_IMG3, C_DELETE, C_PART) VALUES (10, 07, 'C_TITLE 10', 'C_CONTENT 10', sysdate, sysdate, sysdate, 01, 01, 'C_MAINIMG 10', 'C_IMG 110', 'C_IMG 210', 'C_IMG 310', 0, 0);
INSERT INTO CLUB (C_NO, M_NO, C_TITLE, C_CONTENT, C_POSTDATE, C_STARTDATE, C_ENDDATE, C_MIN, C_MAX, C_MAINIMG, C_IMG1, C_IMG2, C_IMG3, C_DELETE, C_PART) VALUES (11, 08, 'C_TITLE 11', 'C_CONTENT 11', sysdate, sysdate, sysdate, 01, 01, 'C_MAINIMG 11', 'C_IMG 111', 'C_IMG 211', 'C_IMG 311', 0, 0);

-- PLACECATEGORY TEST DATA
INSERT INTO PLACECATEGORY (PC_NO, PC_NAME) VALUES (01, 'PC_NAME 01');
INSERT INTO PLACECATEGORY (PC_NO, PC_NAME) VALUES (02, 'PC_NAME 02');
INSERT INTO PLACECATEGORY (PC_NO, PC_NAME) VALUES (03, 'PC_NAME 03');
INSERT INTO PLACECATEGORY (PC_NO, PC_NAME) VALUES (04, 'PC_NAME 04');
INSERT INTO PLACECATEGORY (PC_NO, PC_NAME) VALUES (05, 'PC_NAME 05');
INSERT INTO PLACECATEGORY (PC_NO, PC_NAME) VALUES (06, 'PC_NAME 06');
INSERT INTO PLACECATEGORY (PC_NO, PC_NAME) VALUES (07, 'PC_NAME 07');
INSERT INTO PLACECATEGORY (PC_NO, PC_NAME) VALUES (08, 'PC_NAME 08');
INSERT INTO PLACECATEGORY (PC_NO, PC_NAME) VALUES (09, 'PC_NAME 09');
INSERT INTO PLACECATEGORY (PC_NO, PC_NAME) VALUES (10, 'PC_NAME 10');
INSERT INTO PLACECATEGORY (PC_NO, PC_NAME) VALUES (11, 'PC_NAME 11');
INSERT INTO PLACECATEGORY (PC_NO, PC_NAME) VALUES (12, 'PC_NAME 12');
INSERT INTO PLACECATEGORY (PC_NO, PC_NAME) VALUES (13, 'PC_NAME 13');
INSERT INTO PLACECATEGORY (PC_NO, PC_NAME) VALUES (14, 'PC_NAME 14');
INSERT INTO PLACECATEGORY (PC_NO, PC_NAME) VALUES (15, 'PC_NAME 15');
INSERT INTO PLACECATEGORY (PC_NO, PC_NAME) VALUES (16, 'PC_NAME 16');
INSERT INTO PLACECATEGORY (PC_NO, PC_NAME) VALUES (17, 'PC_NAME 17');
INSERT INTO PLACECATEGORY (PC_NO, PC_NAME) VALUES (18, 'PC_NAME 18');
INSERT INTO PLACECATEGORY (PC_NO, PC_NAME) VALUES (19, 'PC_NAME 19');
INSERT INTO PLACECATEGORY (PC_NO, PC_NAME) VALUES (20, 'PC_NAME 20');

-- SELLER TEST DATA

-- 1~15는 인증완료
-- 16~20은 인증미완
-- 모든 seller 약관에는 동의한 걸로
INSERT INTO SELLER (S_NO, S_ID, S_PW, S_PHONE, S_NAME, S_BIRTH, S_EMAIL, S_REGDATE, S_AUTH, S_AGREEMENT, S_COMPANYNO) VALUES (01, 'seller01', '1111', 'S_PHONE 01', 'S_NAME 01', 'S_BIRTH 01', 'S_EMAIL 01', sysdate, 1, 1, 'S_COMPANYNO 01');
INSERT INTO SELLER (S_NO, S_ID, S_PW, S_PHONE, S_NAME, S_BIRTH, S_EMAIL, S_REGDATE, S_AUTH, S_AGREEMENT, S_COMPANYNO) VALUES (02, 'seller02', '1111', 'S_PHONE 02', 'S_NAME 02', 'S_BIRTH 02', 'S_EMAIL 02', sysdate, 1, 1, 'S_COMPANYNO 02');
INSERT INTO SELLER (S_NO, S_ID, S_PW, S_PHONE, S_NAME, S_BIRTH, S_EMAIL, S_REGDATE, S_AUTH, S_AGREEMENT, S_COMPANYNO) VALUES (03, 'seller03', '1111', 'S_PHONE 03', 'S_NAME 03', 'S_BIRTH 03', 'S_EMAIL 03', sysdate, 1, 1, 'S_COMPANYNO 03');
INSERT INTO SELLER (S_NO, S_ID, S_PW, S_PHONE, S_NAME, S_BIRTH, S_EMAIL, S_REGDATE, S_AUTH, S_AGREEMENT, S_COMPANYNO) VALUES (04, 'seller04', '1111', 'S_PHONE 04', 'S_NAME 04', 'S_BIRTH 04', 'S_EMAIL 04', sysdate, 1, 1, 'S_COMPANYNO 04');
INSERT INTO SELLER (S_NO, S_ID, S_PW, S_PHONE, S_NAME, S_BIRTH, S_EMAIL, S_REGDATE, S_AUTH, S_AGREEMENT, S_COMPANYNO) VALUES (05, 'seller05', '1111', 'S_PHONE 05', 'S_NAME 05', 'S_BIRTH 05', 'S_EMAIL 05', sysdate, 1, 1, 'S_COMPANYNO 05');
INSERT INTO SELLER (S_NO, S_ID, S_PW, S_PHONE, S_NAME, S_BIRTH, S_EMAIL, S_REGDATE, S_AUTH, S_AGREEMENT, S_COMPANYNO) VALUES (06, 'seller06', '1111', 'S_PHONE 06', 'S_NAME 06', 'S_BIRTH 06', 'S_EMAIL 06', sysdate, 1, 1, 'S_COMPANYNO 06');
INSERT INTO SELLER (S_NO, S_ID, S_PW, S_PHONE, S_NAME, S_BIRTH, S_EMAIL, S_REGDATE, S_AUTH, S_AGREEMENT, S_COMPANYNO) VALUES (07, 'seller07', '1111', 'S_PHONE 07', 'S_NAME 07', 'S_BIRTH 07', 'S_EMAIL 07', sysdate, 1, 1, 'S_COMPANYNO 07');
INSERT INTO SELLER (S_NO, S_ID, S_PW, S_PHONE, S_NAME, S_BIRTH, S_EMAIL, S_REGDATE, S_AUTH, S_AGREEMENT, S_COMPANYNO) VALUES (08, 'seller08', '1111', 'S_PHONE 08', 'S_NAME 08', 'S_BIRTH 08', 'S_EMAIL 08', sysdate, 1, 1, 'S_COMPANYNO 08');
INSERT INTO SELLER (S_NO, S_ID, S_PW, S_PHONE, S_NAME, S_BIRTH, S_EMAIL, S_REGDATE, S_AUTH, S_AGREEMENT, S_COMPANYNO) VALUES (09, 'seller09', '1111', 'S_PHONE 09', 'S_NAME 09', 'S_BIRTH 09', 'S_EMAIL 09', sysdate, 1, 1, 'S_COMPANYNO 09');
INSERT INTO SELLER (S_NO, S_ID, S_PW, S_PHONE, S_NAME, S_BIRTH, S_EMAIL, S_REGDATE, S_AUTH, S_AGREEMENT, S_COMPANYNO) VALUES (10, 'seller10', '1111', 'S_PHONE 10', 'S_NAME 10', 'S_BIRTH 10', 'S_EMAIL 10', sysdate, 1, 1, 'S_COMPANYNO 10');
INSERT INTO SELLER (S_NO, S_ID, S_PW, S_PHONE, S_NAME, S_BIRTH, S_EMAIL, S_REGDATE, S_AUTH, S_AGREEMENT, S_COMPANYNO) VALUES (11, 'seller11', '1111', 'S_PHONE 11', 'S_NAME 11', 'S_BIRTH 11', 'S_EMAIL 11', sysdate, 1, 1, 'S_COMPANYNO 11');
INSERT INTO SELLER (S_NO, S_ID, S_PW, S_PHONE, S_NAME, S_BIRTH, S_EMAIL, S_REGDATE, S_AUTH, S_AGREEMENT, S_COMPANYNO) VALUES (12, 'seller12', '1111', 'S_PHONE 12', 'S_NAME 12', 'S_BIRTH 12', 'S_EMAIL 12', sysdate, 1, 1, 'S_COMPANYNO 12');
INSERT INTO SELLER (S_NO, S_ID, S_PW, S_PHONE, S_NAME, S_BIRTH, S_EMAIL, S_REGDATE, S_AUTH, S_AGREEMENT, S_COMPANYNO) VALUES (13, 'seller13', '1111', 'S_PHONE 13', 'S_NAME 13', 'S_BIRTH 13', 'S_EMAIL 13', sysdate, 1, 1, 'S_COMPANYNO 13');
INSERT INTO SELLER (S_NO, S_ID, S_PW, S_PHONE, S_NAME, S_BIRTH, S_EMAIL, S_REGDATE, S_AUTH, S_AGREEMENT, S_COMPANYNO) VALUES (14, 'seller14', '1111', 'S_PHONE 14', 'S_NAME 14', 'S_BIRTH 14', 'S_EMAIL 14', sysdate, 1, 1, 'S_COMPANYNO 14');
INSERT INTO SELLER (S_NO, S_ID, S_PW, S_PHONE, S_NAME, S_BIRTH, S_EMAIL, S_REGDATE, S_AUTH, S_AGREEMENT, S_COMPANYNO) VALUES (15, 'seller15', '1111', 'S_PHONE 15', 'S_NAME 15', 'S_BIRTH 15', 'S_EMAIL 15', sysdate, 1, 1, 'S_COMPANYNO 15');
INSERT INTO SELLER (S_NO, S_ID, S_PW, S_PHONE, S_NAME, S_BIRTH, S_EMAIL, S_REGDATE, S_AUTH, S_AGREEMENT, S_COMPANYNO) VALUES (16, 'seller16', '1111', 'S_PHONE 16', 'S_NAME 16', 'S_BIRTH 16', 'S_EMAIL 16', sysdate, 0, 1, 'S_COMPANYNO 16');
INSERT INTO SELLER (S_NO, S_ID, S_PW, S_PHONE, S_NAME, S_BIRTH, S_EMAIL, S_REGDATE, S_AUTH, S_AGREEMENT, S_COMPANYNO) VALUES (17, 'seller17', '1111', 'S_PHONE 17', 'S_NAME 17', 'S_BIRTH 17', 'S_EMAIL 17', sysdate, 0, 1, 'S_COMPANYNO 17');
INSERT INTO SELLER (S_NO, S_ID, S_PW, S_PHONE, S_NAME, S_BIRTH, S_EMAIL, S_REGDATE, S_AUTH, S_AGREEMENT, S_COMPANYNO) VALUES (18, 'seller18', '1111', 'S_PHONE 18', 'S_NAME 18', 'S_BIRTH 18', 'S_EMAIL 18', sysdate, 0, 1, 'S_COMPANYNO 18');
INSERT INTO SELLER (S_NO, S_ID, S_PW, S_PHONE, S_NAME, S_BIRTH, S_EMAIL, S_REGDATE, S_AUTH, S_AGREEMENT, S_COMPANYNO) VALUES (19, 'seller19', '1111', 'S_PHONE 19', 'S_NAME 19', 'S_BIRTH 19', 'S_EMAIL 19', sysdate, 0, 1, 'S_COMPANYNO 19');
INSERT INTO SELLER (S_NO, S_ID, S_PW, S_PHONE, S_NAME, S_BIRTH, S_EMAIL, S_REGDATE, S_AUTH, S_AGREEMENT, S_COMPANYNO) VALUES (20, 'seller20', '1111', 'S_PHONE 20', 'S_NAME 20', 'S_BIRTH 20', 'S_EMAIL 20', sysdate, 0, 1, 'S_COMPANYNO 20');

-- PLACE TEST DATA

-- place승인은 1~10, 16~20
-- 미승인은 11~15
-- 삭제된 place 데이터는 16~20
INSERT INTO PLACE (P_NO, S_NO, PC_NO, P_TITLE, P_DESC, P_CONTENT, P_INFO, P_NAME, P_ADDR, P_STAR, P_IMG, P_CONFIRM, P_URL, P_REMARK, P_DELETE) VALUES (01, 01, 01, 'P_TITLE 01', 'P_DESC 01', 'P_CONTENT 01', 'P_INFO 01', 'P_NAME 01', 'P_ADDR 01', 1, 'P_IMG 01', 1, 'P_URL 01', 'P_REMARK 01', 0);
INSERT INTO PLACE (P_NO, S_NO, PC_NO, P_TITLE, P_DESC, P_CONTENT, P_INFO, P_NAME, P_ADDR, P_STAR, P_IMG, P_CONFIRM, P_URL, P_REMARK, P_DELETE) VALUES (02, 02, 02, 'P_TITLE 02', 'P_DESC 02', 'P_CONTENT 02', 'P_INFO 02', 'P_NAME 02', 'P_ADDR 02', 3, 'P_IMG 02', 1, 'P_URL 02', 'P_REMARK 02', 0);
INSERT INTO PLACE (P_NO, S_NO, PC_NO, P_TITLE, P_DESC, P_CONTENT, P_INFO, P_NAME, P_ADDR, P_STAR, P_IMG, P_CONFIRM, P_URL, P_REMARK, P_DELETE) VALUES (03, 03, 03, 'P_TITLE 03', 'P_DESC 03', 'P_CONTENT 03', 'P_INFO 03', 'P_NAME 03', 'P_ADDR 03', 2, 'P_IMG 03', 1, 'P_URL 03', 'P_REMARK 03', 0);
INSERT INTO PLACE (P_NO, S_NO, PC_NO, P_TITLE, P_DESC, P_CONTENT, P_INFO, P_NAME, P_ADDR, P_STAR, P_IMG, P_CONFIRM, P_URL, P_REMARK, P_DELETE) VALUES (04, 04, 04, 'P_TITLE 04', 'P_DESC 04', 'P_CONTENT 04', 'P_INFO 04', 'P_NAME 04', 'P_ADDR 04', 1, 'P_IMG 04', 1, 'P_URL 04', 'P_REMARK 04', 0);
INSERT INTO PLACE (P_NO, S_NO, PC_NO, P_TITLE, P_DESC, P_CONTENT, P_INFO, P_NAME, P_ADDR, P_STAR, P_IMG, P_CONFIRM, P_URL, P_REMARK, P_DELETE) VALUES (05, 05, 05, 'P_TITLE 05', 'P_DESC 05', 'P_CONTENT 05', 'P_INFO 05', 'P_NAME 05', 'P_ADDR 05', 3, 'P_IMG 05', 1, 'P_URL 05', 'P_REMARK 05', 0);
INSERT INTO PLACE (P_NO, S_NO, PC_NO, P_TITLE, P_DESC, P_CONTENT, P_INFO, P_NAME, P_ADDR, P_STAR, P_IMG, P_CONFIRM, P_URL, P_REMARK, P_DELETE) VALUES (06, 06, 06, 'P_TITLE 06', 'P_DESC 06', 'P_CONTENT 06', 'P_INFO 06', 'P_NAME 06', 'P_ADDR 06', 4, 'P_IMG 06', 1, 'P_URL 06', 'P_REMARK 06', 0);
INSERT INTO PLACE (P_NO, S_NO, PC_NO, P_TITLE, P_DESC, P_CONTENT, P_INFO, P_NAME, P_ADDR, P_STAR, P_IMG, P_CONFIRM, P_URL, P_REMARK, P_DELETE) VALUES (07, 07, 07, 'P_TITLE 07', 'P_DESC 07', 'P_CONTENT 07', 'P_INFO 07', 'P_NAME 07', 'P_ADDR 07', 5, 'P_IMG 07', 1, 'P_URL 07', 'P_REMARK 07', 0);
INSERT INTO PLACE (P_NO, S_NO, PC_NO, P_TITLE, P_DESC, P_CONTENT, P_INFO, P_NAME, P_ADDR, P_STAR, P_IMG, P_CONFIRM, P_URL, P_REMARK, P_DELETE) VALUES (08, 08, 08, 'P_TITLE 08', 'P_DESC 08', 'P_CONTENT 08', 'P_INFO 08', 'P_NAME 08', 'P_ADDR 08', 2, 'P_IMG 08', 1, 'P_URL 08', 'P_REMARK 08', 0);
INSERT INTO PLACE (P_NO, S_NO, PC_NO, P_TITLE, P_DESC, P_CONTENT, P_INFO, P_NAME, P_ADDR, P_STAR, P_IMG, P_CONFIRM, P_URL, P_REMARK, P_DELETE) VALUES (09, 09, 09, 'P_TITLE 09', 'P_DESC 09', 'P_CONTENT 09', 'P_INFO 09', 'P_NAME 09', 'P_ADDR 09', 5, 'P_IMG 09', 1, 'P_URL 09', 'P_REMARK 09', 0);
INSERT INTO PLACE (P_NO, S_NO, PC_NO, P_TITLE, P_DESC, P_CONTENT, P_INFO, P_NAME, P_ADDR, P_STAR, P_IMG, P_CONFIRM, P_URL, P_REMARK, P_DELETE) VALUES (10, 10, 10, 'P_TITLE 10', 'P_DESC 10', 'P_CONTENT 10', 'P_INFO 10', 'P_NAME 10', 'P_ADDR 10', 3, 'P_IMG 10', 1, 'P_URL 10', 'P_REMARK 10', 0);
INSERT INTO PLACE (P_NO, S_NO, PC_NO, P_TITLE, P_DESC, P_CONTENT, P_INFO, P_NAME, P_ADDR, P_STAR, P_IMG, P_CONFIRM, P_URL, P_REMARK, P_DELETE) VALUES (11, 11, 11, 'P_TITLE 11', 'P_DESC 11', 'P_CONTENT 11', 'P_INFO 11', 'P_NAME 11', 'P_ADDR 11', 2, 'P_IMG 11', 0, 'P_URL 11', 'P_REMARK 11', 0);
INSERT INTO PLACE (P_NO, S_NO, PC_NO, P_TITLE, P_DESC, P_CONTENT, P_INFO, P_NAME, P_ADDR, P_STAR, P_IMG, P_CONFIRM, P_URL, P_REMARK, P_DELETE) VALUES (12, 12, 12, 'P_TITLE 12', 'P_DESC 12', 'P_CONTENT 12', 'P_INFO 12', 'P_NAME 12', 'P_ADDR 12', 3, 'P_IMG 12', 0, 'P_URL 12', 'P_REMARK 12', 0);
INSERT INTO PLACE (P_NO, S_NO, PC_NO, P_TITLE, P_DESC, P_CONTENT, P_INFO, P_NAME, P_ADDR, P_STAR, P_IMG, P_CONFIRM, P_URL, P_REMARK, P_DELETE) VALUES (13, 13, 13, 'P_TITLE 13', 'P_DESC 13', 'P_CONTENT 13', 'P_INFO 13', 'P_NAME 13', 'P_ADDR 13', 3, 'P_IMG 13', 0, 'P_URL 13', 'P_REMARK 13', 0);
INSERT INTO PLACE (P_NO, S_NO, PC_NO, P_TITLE, P_DESC, P_CONTENT, P_INFO, P_NAME, P_ADDR, P_STAR, P_IMG, P_CONFIRM, P_URL, P_REMARK, P_DELETE) VALUES (14, 14, 14, 'P_TITLE 14', 'P_DESC 14', 'P_CONTENT 14', 'P_INFO 14', 'P_NAME 14', 'P_ADDR 14', 5, 'P_IMG 14', 0, 'P_URL 14', 'P_REMARK 14', 0);
INSERT INTO PLACE (P_NO, S_NO, PC_NO, P_TITLE, P_DESC, P_CONTENT, P_INFO, P_NAME, P_ADDR, P_STAR, P_IMG, P_CONFIRM, P_URL, P_REMARK, P_DELETE) VALUES (15, 15, 15, 'P_TITLE 15', 'P_DESC 15', 'P_CONTENT 15', 'P_INFO 15', 'P_NAME 15', 'P_ADDR 15', 5, 'P_IMG 15', 0, 'P_URL 15', 'P_REMARK 15', 0);
INSERT INTO PLACE (P_NO, S_NO, PC_NO, P_TITLE, P_DESC, P_CONTENT, P_INFO, P_NAME, P_ADDR, P_STAR, P_IMG, P_CONFIRM, P_URL, P_REMARK, P_DELETE) VALUES (16, 16, 16, 'P_TITLE 16', 'P_DESC 16', 'P_CONTENT 16', 'P_INFO 16', 'P_NAME 16', 'P_ADDR 16', 4, 'P_IMG 16', 1, 'P_URL 16', 'P_REMARK 16', 1);
INSERT INTO PLACE (P_NO, S_NO, PC_NO, P_TITLE, P_DESC, P_CONTENT, P_INFO, P_NAME, P_ADDR, P_STAR, P_IMG, P_CONFIRM, P_URL, P_REMARK, P_DELETE) VALUES (17, 17, 17, 'P_TITLE 17', 'P_DESC 17', 'P_CONTENT 17', 'P_INFO 17', 'P_NAME 17', 'P_ADDR 17', 4, 'P_IMG 17', 1, 'P_URL 17', 'P_REMARK 17', 1);
INSERT INTO PLACE (P_NO, S_NO, PC_NO, P_TITLE, P_DESC, P_CONTENT, P_INFO, P_NAME, P_ADDR, P_STAR, P_IMG, P_CONFIRM, P_URL, P_REMARK, P_DELETE) VALUES (18, 18, 18, 'P_TITLE 18', 'P_DESC 18', 'P_CONTENT 18', 'P_INFO 18', 'P_NAME 18', 'P_ADDR 18', 4, 'P_IMG 18', 1, 'P_URL 18', 'P_REMARK 18', 1);
INSERT INTO PLACE (P_NO, S_NO, PC_NO, P_TITLE, P_DESC, P_CONTENT, P_INFO, P_NAME, P_ADDR, P_STAR, P_IMG, P_CONFIRM, P_URL, P_REMARK, P_DELETE) VALUES (19, 19, 19, 'P_TITLE 19', 'P_DESC 19', 'P_CONTENT 19', 'P_INFO 19', 'P_NAME 19', 'P_ADDR 19', 4, 'P_IMG 19', 1, 'P_URL 19', 'P_REMARK 19', 1);
INSERT INTO PLACE (P_NO, S_NO, PC_NO, P_TITLE, P_DESC, P_CONTENT, P_INFO, P_NAME, P_ADDR, P_STAR, P_IMG, P_CONFIRM, P_URL, P_REMARK, P_DELETE) VALUES (20, 20, 20, 'P_TITLE 20', 'P_DESC 20', 'P_CONTENT 20', 'P_INFO 20', 'P_NAME 20', 'P_ADDR 20', 5, 'P_IMG 20', 1, 'P_URL 20', 'P_REMARK 20', 1);

-- PLACEOPTION TEST DATA
INSERT INTO PLACEOPTION (PO_NO, P_NO, PO_MIN, PO_MAX, PO_DAYPRICE, PO_HOLIDAY, PO_ADDPRICE, PO_IMG1, PO_IMG2, PO_IMG3, PO_FXILITY) VALUES (01, 01, 01, 01, 01, 01, 01, 'PO_IMG1 01', 'PO_IMG2 01', 'PO_IMG3 01', 'PO_FXILITY 01');
INSERT INTO PLACEOPTION (PO_NO, P_NO, PO_MIN, PO_MAX, PO_DAYPRICE, PO_HOLIDAY, PO_ADDPRICE, PO_IMG1, PO_IMG2, PO_IMG3, PO_FXILITY) VALUES (02, 01, 02, 02, 02, 02, 02, 'PO_IMG1 02', 'PO_IMG2 02', 'PO_IMG3 02', 'PO_FXILITY 02');
INSERT INTO PLACEOPTION (PO_NO, P_NO, PO_MIN, PO_MAX, PO_DAYPRICE, PO_HOLIDAY, PO_ADDPRICE, PO_IMG1, PO_IMG2, PO_IMG3, PO_FXILITY) VALUES (03, 02, 03, 03, 03, 03, 03, 'PO_IMG1 03', 'PO_IMG2 03', 'PO_IMG3 03', 'PO_FXILITY 03');
INSERT INTO PLACEOPTION (PO_NO, P_NO, PO_MIN, PO_MAX, PO_DAYPRICE, PO_HOLIDAY, PO_ADDPRICE, PO_IMG1, PO_IMG2, PO_IMG3, PO_FXILITY) VALUES (04, 02, 04, 04, 04, 04, 04, 'PO_IMG1 04', 'PO_IMG2 04', 'PO_IMG3 04', 'PO_FXILITY 04');
INSERT INTO PLACEOPTION (PO_NO, P_NO, PO_MIN, PO_MAX, PO_DAYPRICE, PO_HOLIDAY, PO_ADDPRICE, PO_IMG1, PO_IMG2, PO_IMG3, PO_FXILITY) VALUES (05, 02, 05, 05, 05, 05, 05, 'PO_IMG1 05', 'PO_IMG2 05', 'PO_IMG3 05', 'PO_FXILITY 05');
INSERT INTO PLACEOPTION (PO_NO, P_NO, PO_MIN, PO_MAX, PO_DAYPRICE, PO_HOLIDAY, PO_ADDPRICE, PO_IMG1, PO_IMG2, PO_IMG3, PO_FXILITY) VALUES (06, 03, 06, 06, 06, 06, 06, 'PO_IMG1 06', 'PO_IMG2 06', 'PO_IMG3 06', 'PO_FXILITY 06');
INSERT INTO PLACEOPTION (PO_NO, P_NO, PO_MIN, PO_MAX, PO_DAYPRICE, PO_HOLIDAY, PO_ADDPRICE, PO_IMG1, PO_IMG2, PO_IMG3, PO_FXILITY) VALUES (07, 03, 07, 07, 07, 07, 07, 'PO_IMG1 07', 'PO_IMG2 07', 'PO_IMG3 07', 'PO_FXILITY 07');
INSERT INTO PLACEOPTION (PO_NO, P_NO, PO_MIN, PO_MAX, PO_DAYPRICE, PO_HOLIDAY, PO_ADDPRICE, PO_IMG1, PO_IMG2, PO_IMG3, PO_FXILITY) VALUES (08, 04, 08, 08, 08, 08, 08, 'PO_IMG1 08', 'PO_IMG2 08', 'PO_IMG3 08', 'PO_FXILITY 08');
INSERT INTO PLACEOPTION (PO_NO, P_NO, PO_MIN, PO_MAX, PO_DAYPRICE, PO_HOLIDAY, PO_ADDPRICE, PO_IMG1, PO_IMG2, PO_IMG3, PO_FXILITY) VALUES (09, 05, 09, 09, 09, 09, 09, 'PO_IMG1 09', 'PO_IMG2 09', 'PO_IMG3 09', 'PO_FXILITY 09');
INSERT INTO PLACEOPTION (PO_NO, P_NO, PO_MIN, PO_MAX, PO_DAYPRICE, PO_HOLIDAY, PO_ADDPRICE, PO_IMG1, PO_IMG2, PO_IMG3, PO_FXILITY) VALUES (10, 06, 10, 10, 10, 10, 10, 'PO_IMG1 10', 'PO_IMG2 10', 'PO_IMG3 10', 'PO_FXILITY 10');
INSERT INTO PLACEOPTION (PO_NO, P_NO, PO_MIN, PO_MAX, PO_DAYPRICE, PO_HOLIDAY, PO_ADDPRICE, PO_IMG1, PO_IMG2, PO_IMG3, PO_FXILITY) VALUES (11, 07, 11, 11, 11, 11, 11, 'PO_IMG1 11', 'PO_IMG2 11', 'PO_IMG3 11', 'PO_FXILITY 11');
INSERT INTO PLACEOPTION (PO_NO, P_NO, PO_MIN, PO_MAX, PO_DAYPRICE, PO_HOLIDAY, PO_ADDPRICE, PO_IMG1, PO_IMG2, PO_IMG3, PO_FXILITY) VALUES (12, 08, 12, 12, 12, 12, 12, 'PO_IMG1 12', 'PO_IMG2 12', 'PO_IMG3 12', 'PO_FXILITY 12');
INSERT INTO PLACEOPTION (PO_NO, P_NO, PO_MIN, PO_MAX, PO_DAYPRICE, PO_HOLIDAY, PO_ADDPRICE, PO_IMG1, PO_IMG2, PO_IMG3, PO_FXILITY) VALUES (13, 09, 13, 13, 13, 13, 13, 'PO_IMG1 13', 'PO_IMG2 13', 'PO_IMG3 13', 'PO_FXILITY 13');
INSERT INTO PLACEOPTION (PO_NO, P_NO, PO_MIN, PO_MAX, PO_DAYPRICE, PO_HOLIDAY, PO_ADDPRICE, PO_IMG1, PO_IMG2, PO_IMG3, PO_FXILITY) VALUES (14, 10, 14, 14, 14, 14, 14, 'PO_IMG1 14', 'PO_IMG2 14', 'PO_IMG3 14', 'PO_FXILITY 14');
INSERT INTO PLACEOPTION (PO_NO, P_NO, PO_MIN, PO_MAX, PO_DAYPRICE, PO_HOLIDAY, PO_ADDPRICE, PO_IMG1, PO_IMG2, PO_IMG3, PO_FXILITY) VALUES (15, 11, 15, 15, 15, 15, 15, 'PO_IMG1 15', 'PO_IMG2 15', 'PO_IMG3 15', 'PO_FXILITY 15');
INSERT INTO PLACEOPTION (PO_NO, P_NO, PO_MIN, PO_MAX, PO_DAYPRICE, PO_HOLIDAY, PO_ADDPRICE, PO_IMG1, PO_IMG2, PO_IMG3, PO_FXILITY) VALUES (16, 12, 16, 16, 16, 16, 16, 'PO_IMG1 16', 'PO_IMG2 16', 'PO_IMG3 16', 'PO_FXILITY 16');
INSERT INTO PLACEOPTION (PO_NO, P_NO, PO_MIN, PO_MAX, PO_DAYPRICE, PO_HOLIDAY, PO_ADDPRICE, PO_IMG1, PO_IMG2, PO_IMG3, PO_FXILITY) VALUES (17, 13, 17, 17, 17, 17, 17, 'PO_IMG1 17', 'PO_IMG2 17', 'PO_IMG3 17', 'PO_FXILITY 17');
INSERT INTO PLACEOPTION (PO_NO, P_NO, PO_MIN, PO_MAX, PO_DAYPRICE, PO_HOLIDAY, PO_ADDPRICE, PO_IMG1, PO_IMG2, PO_IMG3, PO_FXILITY) VALUES (18, 14, 18, 18, 18, 18, 18, 'PO_IMG1 18', 'PO_IMG2 18', 'PO_IMG3 18', 'PO_FXILITY 18');
INSERT INTO PLACEOPTION (PO_NO, P_NO, PO_MIN, PO_MAX, PO_DAYPRICE, PO_HOLIDAY, PO_ADDPRICE, PO_IMG1, PO_IMG2, PO_IMG3, PO_FXILITY) VALUES (19, 15, 19, 19, 19, 19, 19, 'PO_IMG1 19', 'PO_IMG2 19', 'PO_IMG3 19', 'PO_FXILITY 19');
INSERT INTO PLACEOPTION (PO_NO, P_NO, PO_MIN, PO_MAX, PO_DAYPRICE, PO_HOLIDAY, PO_ADDPRICE, PO_IMG1, PO_IMG2, PO_IMG3, PO_FXILITY) VALUES (20, 16, 20, 20, 20, 20, 20, 'PO_IMG1 20', 'PO_IMG2 20', 'PO_IMG3 20', 'PO_FXILITY 20');

-- CLUBLIST TEST DATA

-- 일단 되는대로 랜덤값넣긴했는데..
-- 원하시는대로 바꾸고 테스트하셔도 될듯합니다. 다만 CL_NO는 무조건 순서대로 하셔야하는거 잊지마세요!
INSERT INTO CLUBLIST (CL_NO, C_NO, M_NO) VALUES (01, 01, 01);
INSERT INTO CLUBLIST (CL_NO, C_NO, M_NO) VALUES (02, 01, 02);
INSERT INTO CLUBLIST (CL_NO, C_NO, M_NO) VALUES (03, 01, 03);
INSERT INTO CLUBLIST (CL_NO, C_NO, M_NO) VALUES (04, 02, 01);
INSERT INTO CLUBLIST (CL_NO, C_NO, M_NO) VALUES (05, 02, 02);
INSERT INTO CLUBLIST (CL_NO, C_NO, M_NO) VALUES (06, 02, 06);
INSERT INTO CLUBLIST (CL_NO, C_NO, M_NO) VALUES (07, 02, 07);
INSERT INTO CLUBLIST (CL_NO, C_NO, M_NO) VALUES (08, 03, 06);
INSERT INTO CLUBLIST (CL_NO, C_NO, M_NO) VALUES (09, 03, 09);
INSERT INTO CLUBLIST (CL_NO, C_NO, M_NO) VALUES (10, 03, 10);
INSERT INTO CLUBLIST (CL_NO, C_NO, M_NO) VALUES (11, 04, 11);
INSERT INTO CLUBLIST (CL_NO, C_NO, M_NO) VALUES (12, 04, 12);
INSERT INTO CLUBLIST (CL_NO, C_NO, M_NO) VALUES (13, 04, 13);
INSERT INTO CLUBLIST (CL_NO, C_NO, M_NO) VALUES (14, 04, 14);
INSERT INTO CLUBLIST (CL_NO, C_NO, M_NO) VALUES (15, 04, 15);
INSERT INTO CLUBLIST (CL_NO, C_NO, M_NO) VALUES (16, 05, 16);
INSERT INTO CLUBLIST (CL_NO, C_NO, M_NO) VALUES (17, 17, 17);
INSERT INTO CLUBLIST (CL_NO, C_NO, M_NO) VALUES (18, 18, 18);
INSERT INTO CLUBLIST (CL_NO, C_NO, M_NO) VALUES (19, 19, 19);
INSERT INTO CLUBLIST (CL_NO, C_NO, M_NO) VALUES (20, 08, 20);

-- REPLY TEST DATA
-- 16~20 데이터는 삭제데이터
INSERT INTO REPLY (R_NO, C_NO, M_NO, R_CONTENT, R_DELETE, R_POSTDATE) VALUES (01, 01, 01, 'R_CONTENT 01', 0, sysdate);
INSERT INTO REPLY (R_NO, C_NO, M_NO, R_CONTENT, R_DELETE, R_POSTDATE) VALUES (02, 02, 02, 'R_CONTENT 02', 0, sysdate);
INSERT INTO REPLY (R_NO, C_NO, M_NO, R_CONTENT, R_DELETE, R_POSTDATE) VALUES (03, 03, 03, 'R_CONTENT 03', 0, sysdate);
INSERT INTO REPLY (R_NO, C_NO, M_NO, R_CONTENT, R_DELETE, R_POSTDATE) VALUES (04, 04, 04, 'R_CONTENT 04', 0, sysdate);
INSERT INTO REPLY (R_NO, C_NO, M_NO, R_CONTENT, R_DELETE, R_POSTDATE) VALUES (05, 05, 05, 'R_CONTENT 05', 0, sysdate);
INSERT INTO REPLY (R_NO, C_NO, M_NO, R_CONTENT, R_DELETE, R_POSTDATE) VALUES (06, 06, 06, 'R_CONTENT 06', 0, sysdate);
INSERT INTO REPLY (R_NO, C_NO, M_NO, R_CONTENT, R_DELETE, R_POSTDATE) VALUES (07, 07, 07, 'R_CONTENT 07', 0, sysdate);
INSERT INTO REPLY (R_NO, C_NO, M_NO, R_CONTENT, R_DELETE, R_POSTDATE) VALUES (08, 08, 08, 'R_CONTENT 08', 0, sysdate);
INSERT INTO REPLY (R_NO, C_NO, M_NO, R_CONTENT, R_DELETE, R_POSTDATE) VALUES (09, 09, 09, 'R_CONTENT 09', 0, sysdate);
INSERT INTO REPLY (R_NO, C_NO, M_NO, R_CONTENT, R_DELETE, R_POSTDATE) VALUES (10, 10, 10, 'R_CONTENT 10', 0, sysdate);
INSERT INTO REPLY (R_NO, C_NO, M_NO, R_CONTENT, R_DELETE, R_POSTDATE) VALUES (11, 11, 11, 'R_CONTENT 11', 0, sysdate);
INSERT INTO REPLY (R_NO, C_NO, M_NO, R_CONTENT, R_DELETE, R_POSTDATE) VALUES (12, 12, 12, 'R_CONTENT 12', 0, sysdate);
INSERT INTO REPLY (R_NO, C_NO, M_NO, R_CONTENT, R_DELETE, R_POSTDATE) VALUES (13, 13, 13, 'R_CONTENT 13', 0, sysdate);
INSERT INTO REPLY (R_NO, C_NO, M_NO, R_CONTENT, R_DELETE, R_POSTDATE) VALUES (14, 14, 14, 'R_CONTENT 14', 0, sysdate);
INSERT INTO REPLY (R_NO, C_NO, M_NO, R_CONTENT, R_DELETE, R_POSTDATE) VALUES (15, 15, 15, 'R_CONTENT 15', 0, sysdate);
INSERT INTO REPLY (R_NO, C_NO, M_NO, R_CONTENT, R_DELETE, R_POSTDATE) VALUES (16, 16, 16, 'R_CONTENT 16', 1, sysdate);
INSERT INTO REPLY (R_NO, C_NO, M_NO, R_CONTENT, R_DELETE, R_POSTDATE) VALUES (17, 17, 17, 'R_CONTENT 17', 1, sysdate);
INSERT INTO REPLY (R_NO, C_NO, M_NO, R_CONTENT, R_DELETE, R_POSTDATE) VALUES (18, 18, 18, 'R_CONTENT 18', 1, sysdate);
INSERT INTO REPLY (R_NO, C_NO, M_NO, R_CONTENT, R_DELETE, R_POSTDATE) VALUES (19, 19, 19, 'R_CONTENT 19', 1, sysdate);
INSERT INTO REPLY (R_NO, C_NO, M_NO, R_CONTENT, R_DELETE, R_POSTDATE) VALUES (20, 20, 20, 'R_CONTENT 20', 1, sysdate);

-- RESERVATION TEST DATA

-- 예약된 인원 데이터인 RES_PEOPLE은 맘대로 바꾸셔도 될듯
INSERT INTO RESERVATION (RES_NO, M_NO, PO_NO, RES_DATE, RES_PEOPLE, RES_STATE) VALUES (01, 01, 01, sysdate, 01, 'RES_STATE 01');
INSERT INTO RESERVATION (RES_NO, M_NO, PO_NO, RES_DATE, RES_PEOPLE, RES_STATE) VALUES (02, 02, 02, sysdate, 02, 'RES_STATE 02');
INSERT INTO RESERVATION (RES_NO, M_NO, PO_NO, RES_DATE, RES_PEOPLE, RES_STATE) VALUES (03, 03, 03, sysdate, 03, 'RES_STATE 03');
INSERT INTO RESERVATION (RES_NO, M_NO, PO_NO, RES_DATE, RES_PEOPLE, RES_STATE) VALUES (04, 04, 04, sysdate, 04, 'RES_STATE 04');
INSERT INTO RESERVATION (RES_NO, M_NO, PO_NO, RES_DATE, RES_PEOPLE, RES_STATE) VALUES (05, 05, 05, sysdate, 05, 'RES_STATE 05');
INSERT INTO RESERVATION (RES_NO, M_NO, PO_NO, RES_DATE, RES_PEOPLE, RES_STATE) VALUES (06, 06, 06, sysdate, 06, 'RES_STATE 06');
INSERT INTO RESERVATION (RES_NO, M_NO, PO_NO, RES_DATE, RES_PEOPLE, RES_STATE) VALUES (07, 07, 07, sysdate, 07, 'RES_STATE 07');
INSERT INTO RESERVATION (RES_NO, M_NO, PO_NO, RES_DATE, RES_PEOPLE, RES_STATE) VALUES (08, 08, 08, sysdate, 08, 'RES_STATE 08');
INSERT INTO RESERVATION (RES_NO, M_NO, PO_NO, RES_DATE, RES_PEOPLE, RES_STATE) VALUES (09, 09, 09, sysdate, 09, 'RES_STATE 09');
INSERT INTO RESERVATION (RES_NO, M_NO, PO_NO, RES_DATE, RES_PEOPLE, RES_STATE) VALUES (10, 10, 10, sysdate, 10, 'RES_STATE 10');
INSERT INTO RESERVATION (RES_NO, M_NO, PO_NO, RES_DATE, RES_PEOPLE, RES_STATE) VALUES (11, 11, 11, sysdate, 11, 'RES_STATE 11');
INSERT INTO RESERVATION (RES_NO, M_NO, PO_NO, RES_DATE, RES_PEOPLE, RES_STATE) VALUES (12, 12, 12, sysdate, 12, 'RES_STATE 12');
INSERT INTO RESERVATION (RES_NO, M_NO, PO_NO, RES_DATE, RES_PEOPLE, RES_STATE) VALUES (13, 13, 13, sysdate, 13, 'RES_STATE 13');
INSERT INTO RESERVATION (RES_NO, M_NO, PO_NO, RES_DATE, RES_PEOPLE, RES_STATE) VALUES (14, 14, 14, sysdate, 14, 'RES_STATE 14');
INSERT INTO RESERVATION (RES_NO, M_NO, PO_NO, RES_DATE, RES_PEOPLE, RES_STATE) VALUES (15, 15, 15, sysdate, 15, 'RES_STATE 15');
INSERT INTO RESERVATION (RES_NO, M_NO, PO_NO, RES_DATE, RES_PEOPLE, RES_STATE) VALUES (16, 16, 16, sysdate, 16, 'RES_STATE 16');
INSERT INTO RESERVATION (RES_NO, M_NO, PO_NO, RES_DATE, RES_PEOPLE, RES_STATE) VALUES (17, 17, 17, sysdate, 17, 'RES_STATE 17');
INSERT INTO RESERVATION (RES_NO, M_NO, PO_NO, RES_DATE, RES_PEOPLE, RES_STATE) VALUES (18, 18, 18, sysdate, 18, 'RES_STATE 18');
INSERT INTO RESERVATION (RES_NO, M_NO, PO_NO, RES_DATE, RES_PEOPLE, RES_STATE) VALUES (19, 19, 19, sysdate, 19, 'RES_STATE 19');
INSERT INTO RESERVATION (RES_NO, M_NO, PO_NO, RES_DATE, RES_PEOPLE, RES_STATE) VALUES (20, 20, 20, sysdate, 20, 'RES_STATE 20');

-- REVIEW TEST DATA

-- 16~20데이터는 삭제된 데이터
INSERT INTO REVIEW (RV_NO, M_NO, P_NO, RV_DELETE, RV_STAR, RV_IMG) VALUES (01, 01, 01, 0, 01, 'RV_IMG 01');
INSERT INTO REVIEW (RV_NO, M_NO, P_NO, RV_DELETE, RV_STAR, RV_IMG) VALUES (02, 02, 02, 0, 02, 'RV_IMG 02');
INSERT INTO REVIEW (RV_NO, M_NO, P_NO, RV_DELETE, RV_STAR, RV_IMG) VALUES (03, 03, 03, 0, 03, 'RV_IMG 03');
INSERT INTO REVIEW (RV_NO, M_NO, P_NO, RV_DELETE, RV_STAR, RV_IMG) VALUES (04, 04, 04, 0, 04, 'RV_IMG 04');
INSERT INTO REVIEW (RV_NO, M_NO, P_NO, RV_DELETE, RV_STAR, RV_IMG) VALUES (05, 05, 05, 0, 05, 'RV_IMG 05');
INSERT INTO REVIEW (RV_NO, M_NO, P_NO, RV_DELETE, RV_STAR, RV_IMG) VALUES (06, 06, 06, 0, 06, 'RV_IMG 06');
INSERT INTO REVIEW (RV_NO, M_NO, P_NO, RV_DELETE, RV_STAR, RV_IMG) VALUES (07, 07, 07, 0, 07, 'RV_IMG 07');
INSERT INTO REVIEW (RV_NO, M_NO, P_NO, RV_DELETE, RV_STAR, RV_IMG) VALUES (08, 08, 08, 0, 08, 'RV_IMG 08');
INSERT INTO REVIEW (RV_NO, M_NO, P_NO, RV_DELETE, RV_STAR, RV_IMG) VALUES (09, 09, 09, 0, 09, 'RV_IMG 09');
INSERT INTO REVIEW (RV_NO, M_NO, P_NO, RV_DELETE, RV_STAR, RV_IMG) VALUES (10, 10, 10, 0, 10, 'RV_IMG 10');
INSERT INTO REVIEW (RV_NO, M_NO, P_NO, RV_DELETE, RV_STAR, RV_IMG) VALUES (11, 11, 11, 0, 11, 'RV_IMG 11');
INSERT INTO REVIEW (RV_NO, M_NO, P_NO, RV_DELETE, RV_STAR, RV_IMG) VALUES (12, 12, 12, 0, 12, 'RV_IMG 12');
INSERT INTO REVIEW (RV_NO, M_NO, P_NO, RV_DELETE, RV_STAR, RV_IMG) VALUES (13, 13, 13, 0, 13, 'RV_IMG 13');
INSERT INTO REVIEW (RV_NO, M_NO, P_NO, RV_DELETE, RV_STAR, RV_IMG) VALUES (14, 14, 14, 0, 14, 'RV_IMG 14');
INSERT INTO REVIEW (RV_NO, M_NO, P_NO, RV_DELETE, RV_STAR, RV_IMG) VALUES (15, 15, 15, 0, 15, 'RV_IMG 15');
INSERT INTO REVIEW (RV_NO, M_NO, P_NO, RV_DELETE, RV_STAR, RV_IMG) VALUES (16, 16, 16, 1, 16, 'RV_IMG 16');
INSERT INTO REVIEW (RV_NO, M_NO, P_NO, RV_DELETE, RV_STAR, RV_IMG) VALUES (17, 17, 17, 1, 17, 'RV_IMG 17');
INSERT INTO REVIEW (RV_NO, M_NO, P_NO, RV_DELETE, RV_STAR, RV_IMG) VALUES (18, 18, 18, 1, 18, 'RV_IMG 18');
INSERT INTO REVIEW (RV_NO, M_NO, P_NO, RV_DELETE, RV_STAR, RV_IMG) VALUES (19, 19, 19, 1, 19, 'RV_IMG 19');
INSERT INTO REVIEW (RV_NO, M_NO, P_NO, RV_DELETE, RV_STAR, RV_IMG) VALUES (20, 20, 20, 1, 20, 'RV_IMG 20');

-- NOTICE TEST DATA
INSERT INTO NOTICE (N_NO, N_TITLE, N_CONTENT, N_POSTDATE) VALUES (01, 'N_TITLE 01', 'N_CONTENT 01', sysdate);
INSERT INTO NOTICE (N_NO, N_TITLE, N_CONTENT, N_POSTDATE) VALUES (02, 'N_TITLE 02', 'N_CONTENT 02', sysdate);
INSERT INTO NOTICE (N_NO, N_TITLE, N_CONTENT, N_POSTDATE) VALUES (03, 'N_TITLE 03', 'N_CONTENT 03', sysdate);
INSERT INTO NOTICE (N_NO, N_TITLE, N_CONTENT, N_POSTDATE) VALUES (04, 'N_TITLE 04', 'N_CONTENT 04', sysdate);
INSERT INTO NOTICE (N_NO, N_TITLE, N_CONTENT, N_POSTDATE) VALUES (05, 'N_TITLE 05', 'N_CONTENT 05', sysdate);
INSERT INTO NOTICE (N_NO, N_TITLE, N_CONTENT, N_POSTDATE) VALUES (06, 'N_TITLE 06', 'N_CONTENT 06', sysdate);
INSERT INTO NOTICE (N_NO, N_TITLE, N_CONTENT, N_POSTDATE) VALUES (07, 'N_TITLE 07', 'N_CONTENT 07', sysdate);
INSERT INTO NOTICE (N_NO, N_TITLE, N_CONTENT, N_POSTDATE) VALUES (08, 'N_TITLE 08', 'N_CONTENT 08', sysdate);
INSERT INTO NOTICE (N_NO, N_TITLE, N_CONTENT, N_POSTDATE) VALUES (09, 'N_TITLE 09', 'N_CONTENT 09', sysdate);
INSERT INTO NOTICE (N_NO, N_TITLE, N_CONTENT, N_POSTDATE) VALUES (10, 'N_TITLE 10', 'N_CONTENT 10', sysdate);
INSERT INTO NOTICE (N_NO, N_TITLE, N_CONTENT, N_POSTDATE) VALUES (11, 'N_TITLE 11', 'N_CONTENT 11', sysdate);
INSERT INTO NOTICE (N_NO, N_TITLE, N_CONTENT, N_POSTDATE) VALUES (12, 'N_TITLE 12', 'N_CONTENT 12', sysdate);
INSERT INTO NOTICE (N_NO, N_TITLE, N_CONTENT, N_POSTDATE) VALUES (13, 'N_TITLE 13', 'N_CONTENT 13', sysdate);
INSERT INTO NOTICE (N_NO, N_TITLE, N_CONTENT, N_POSTDATE) VALUES (14, 'N_TITLE 14', 'N_CONTENT 14', sysdate);
INSERT INTO NOTICE (N_NO, N_TITLE, N_CONTENT, N_POSTDATE) VALUES (15, 'N_TITLE 15', 'N_CONTENT 15', sysdate);
INSERT INTO NOTICE (N_NO, N_TITLE, N_CONTENT, N_POSTDATE) VALUES (16, 'N_TITLE 16', 'N_CONTENT 16', sysdate);
INSERT INTO NOTICE (N_NO, N_TITLE, N_CONTENT, N_POSTDATE) VALUES (17, 'N_TITLE 17', 'N_CONTENT 17', sysdate);
INSERT INTO NOTICE (N_NO, N_TITLE, N_CONTENT, N_POSTDATE) VALUES (18, 'N_TITLE 18', 'N_CONTENT 18', sysdate);
INSERT INTO NOTICE (N_NO, N_TITLE, N_CONTENT, N_POSTDATE) VALUES (19, 'N_TITLE 19', 'N_CONTENT 19', sysdate);
INSERT INTO NOTICE (N_NO, N_TITLE, N_CONTENT, N_POSTDATE) VALUES (20, 'N_TITLE 20', 'N_CONTENT 20', sysdate);

-- FAQ TEST DATA
INSERT INTO FAQ (F_NO, F_TITLE, F_CONTENT, F_REGDATE, F_CATEGORY) VALUES (01, 'F_TITLE 01', 'F_CONTENT 01', sysdate, 01);
INSERT INTO FAQ (F_NO, F_TITLE, F_CONTENT, F_REGDATE, F_CATEGORY) VALUES (02, 'F_TITLE 02', 'F_CONTENT 02', sysdate, 02);
INSERT INTO FAQ (F_NO, F_TITLE, F_CONTENT, F_REGDATE, F_CATEGORY) VALUES (03, 'F_TITLE 03', 'F_CONTENT 03', sysdate, 03);
INSERT INTO FAQ (F_NO, F_TITLE, F_CONTENT, F_REGDATE, F_CATEGORY) VALUES (04, 'F_TITLE 04', 'F_CONTENT 04', sysdate, 04);
INSERT INTO FAQ (F_NO, F_TITLE, F_CONTENT, F_REGDATE, F_CATEGORY) VALUES (05, 'F_TITLE 05', 'F_CONTENT 05', sysdate, 05);
INSERT INTO FAQ (F_NO, F_TITLE, F_CONTENT, F_REGDATE, F_CATEGORY) VALUES (06, 'F_TITLE 06', 'F_CONTENT 06', sysdate, 06);
INSERT INTO FAQ (F_NO, F_TITLE, F_CONTENT, F_REGDATE, F_CATEGORY) VALUES (07, 'F_TITLE 07', 'F_CONTENT 07', sysdate, 07);
INSERT INTO FAQ (F_NO, F_TITLE, F_CONTENT, F_REGDATE, F_CATEGORY) VALUES (08, 'F_TITLE 08', 'F_CONTENT 08', sysdate, 08);
INSERT INTO FAQ (F_NO, F_TITLE, F_CONTENT, F_REGDATE, F_CATEGORY) VALUES (09, 'F_TITLE 09', 'F_CONTENT 09', sysdate, 09);
INSERT INTO FAQ (F_NO, F_TITLE, F_CONTENT, F_REGDATE, F_CATEGORY) VALUES (10, 'F_TITLE 10', 'F_CONTENT 10', sysdate, 10);
INSERT INTO FAQ (F_NO, F_TITLE, F_CONTENT, F_REGDATE, F_CATEGORY) VALUES (11, 'F_TITLE 11', 'F_CONTENT 11', sysdate, 11);
INSERT INTO FAQ (F_NO, F_TITLE, F_CONTENT, F_REGDATE, F_CATEGORY) VALUES (12, 'F_TITLE 12', 'F_CONTENT 12', sysdate, 12);
INSERT INTO FAQ (F_NO, F_TITLE, F_CONTENT, F_REGDATE, F_CATEGORY) VALUES (13, 'F_TITLE 13', 'F_CONTENT 13', sysdate, 13);
INSERT INTO FAQ (F_NO, F_TITLE, F_CONTENT, F_REGDATE, F_CATEGORY) VALUES (14, 'F_TITLE 14', 'F_CONTENT 14', sysdate, 14);
INSERT INTO FAQ (F_NO, F_TITLE, F_CONTENT, F_REGDATE, F_CATEGORY) VALUES (15, 'F_TITLE 15', 'F_CONTENT 15', sysdate, 15);
INSERT INTO FAQ (F_NO, F_TITLE, F_CONTENT, F_REGDATE, F_CATEGORY) VALUES (16, 'F_TITLE 16', 'F_CONTENT 16', sysdate, 16);
INSERT INTO FAQ (F_NO, F_TITLE, F_CONTENT, F_REGDATE, F_CATEGORY) VALUES (17, 'F_TITLE 17', 'F_CONTENT 17', sysdate, 17);
INSERT INTO FAQ (F_NO, F_TITLE, F_CONTENT, F_REGDATE, F_CATEGORY) VALUES (18, 'F_TITLE 18', 'F_CONTENT 18', sysdate, 18);
INSERT INTO FAQ (F_NO, F_TITLE, F_CONTENT, F_REGDATE, F_CATEGORY) VALUES (19, 'F_TITLE 19', 'F_CONTENT 19', sysdate, 19);
INSERT INTO FAQ (F_NO, F_TITLE, F_CONTENT, F_REGDATE, F_CATEGORY) VALUES (20, 'F_TITLE 20', 'F_CONTENT 20', sysdate, 20);

-- WISHLIST TEST DATA
-- 일단 위시리스트도 그냥 순차적으로 올라가는 식으로 했는데
-- DB구조 파악하시고 W_NO말고 다른 것들은 원하는대로 바꾸셔도 됩니다.
-- W_NO는 PK이니 순차적으로 올려야하는 거 잊지마세요!
INSERT INTO WISHLIST (W_NO, C_NO, M_NO) VALUES (01, 01, 01);
INSERT INTO WISHLIST (W_NO, C_NO, M_NO) VALUES (02, 02, 02);
INSERT INTO WISHLIST (W_NO, C_NO, M_NO) VALUES (03, 03, 03);
INSERT INTO WISHLIST (W_NO, C_NO, M_NO) VALUES (04, 04, 04);
INSERT INTO WISHLIST (W_NO, C_NO, M_NO) VALUES (05, 05, 05);
INSERT INTO WISHLIST (W_NO, C_NO, M_NO) VALUES (06, 06, 06);
INSERT INTO WISHLIST (W_NO, C_NO, M_NO) VALUES (07, 07, 07);
INSERT INTO WISHLIST (W_NO, C_NO, M_NO) VALUES (08, 08, 08);
INSERT INTO WISHLIST (W_NO, C_NO, M_NO) VALUES (09, 09, 09);
INSERT INTO WISHLIST (W_NO, C_NO, M_NO) VALUES (10, 10, 10);
INSERT INTO WISHLIST (W_NO, C_NO, M_NO) VALUES (11, 11, 11);
INSERT INTO WISHLIST (W_NO, C_NO, M_NO) VALUES (12, 12, 12);
INSERT INTO WISHLIST (W_NO, C_NO, M_NO) VALUES (13, 13, 13);
INSERT INTO WISHLIST (W_NO, C_NO, M_NO) VALUES (14, 14, 14);
INSERT INTO WISHLIST (W_NO, C_NO, M_NO) VALUES (15, 15, 15);
INSERT INTO WISHLIST (W_NO, C_NO, M_NO) VALUES (16, 16, 16);
INSERT INTO WISHLIST (W_NO, C_NO, M_NO) VALUES (17, 17, 17);
INSERT INTO WISHLIST (W_NO, C_NO, M_NO) VALUES (18, 18, 18);
INSERT INTO WISHLIST (W_NO, C_NO, M_NO) VALUES (19, 19, 19);
INSERT INTO WISHLIST (W_NO, C_NO, M_NO) VALUES (20, 20, 20);